domain,company_id,entity_id,entity,google_query
orbillion.com,158208,439161-13,pitchbook,orbillion.com site:pitchbook.com/profiles/company
nexprt.com,191464,462118-15,pitchbook,nexprt.com site:pitchbook.com/profiles/company
claystack.com,223415,467911-27,pitchbook,claystack.com site:pitchbook.com/profiles/company
rey.id,224005,481183-21,pitchbook,rey.id site:pitchbook.com/profiles/company
sense.finance,230131,471087-19,pitchbook,sense.finance site:pitchbook.com/profiles/company
dibsbeauty.com,233303,471318-67,pitchbook,dibsbeauty.com site:pitchbook.com/profiles/company
myangelhost.com,234423,399586-42,pitchbook,myangelhost.com site:pitchbook.com/profiles/company
prolocor.com,295675,471075-13,pitchbook,prolocor.com site:pitchbook.com/profiles/company
upbanx.com,278373,489601-27,pitchbook,upbanx.com site:pitchbook.com/profiles/company
gravystack.com,318235,496455-49,pitchbook,gravystack.com site:pitchbook.com/profiles/company
getnexta.com,298206,493415-11,pitchbook,getnexta.com site:pitchbook.com/profiles/company
ctrlstack.com,177016,494631-37,pitchbook,ctrlstack.com site:pitchbook.com/profiles/company
forseafoods.com,380775,493353-37,pitchbook,forseafoods.com site:pitchbook.com/profiles/company
satschel.com,336224,501069-97,pitchbook,satschel.com site:pitchbook.com/profiles/company
hardball.games,423573,517941-28,pitchbook,hardball.games site:pitchbook.com/profiles/company
flumeinternet.com,203291,458292-79,pitchbook,flumeinternet.com site:pitchbook.com/profiles/company
occuity.com,168923,442807-30,pitchbook,occuity.com site:pitchbook.com/profiles/company
eye-checkup.com,190567,465817-24,pitchbook,eye-checkup.com site:pitchbook.com/profiles/company
sunscreen.tech,350665,501694-12,pitchbook,sunscreen.tech site:pitchbook.com/profiles/company
payloadcms.com,338875,497285-83,pitchbook,payloadcms.com site:pitchbook.com/profiles/company
insurancesamadhan.com,129193,233699-23,pitchbook,insurancesamadhan.com site:pitchbook.com/profiles/company
kalogon.com,365952,472294-36,pitchbook,kalogon.com site:pitchbook.com/profiles/company
infima.io,183188,433222-39,pitchbook,infima.io site:pitchbook.com/profiles/company
spinach.io,238123,472110-76,pitchbook,spinach.io site:pitchbook.com/profiles/company
idrip.coffee,85443,434496-70,pitchbook,idrip.coffee site:pitchbook.com/profiles/company
neovolta.com,88521,231386-05,pitchbook,neovolta.com site:pitchbook.com/profiles/company
ragecoffee.com,121257,399167-11,pitchbook,ragecoffee.com site:pitchbook.com/profiles/company
nemuru.com,48281,268597-90,pitchbook,nemuru.com site:pitchbook.com/profiles/company
zipstack.com,366025,515307-61,pitchbook,zipstack.com site:pitchbook.com/profiles/company
wearemindlabs.com,168352,442785-25,pitchbook,wearemindlabs.com site:pitchbook.com/profiles/company
soyplenna.com,257224,492967-18,pitchbook,soyplenna.com site:pitchbook.com/profiles/company
sioncentral.com,364605,434902-87,pitchbook,sioncentral.com site:pitchbook.com/profiles/company
actualveggies.com,135684,462719-35,pitchbook,actualveggies.com site:pitchbook.com/profiles/company
biacontrols.com,325884,493242-49,pitchbook,biacontrols.com site:pitchbook.com/profiles/company
hellodivorce.com,227484,466593-49,pitchbook,hellodivorce.com site:pitchbook.com/profiles/company
agileblue.com,274934,453595-42,pitchbook,agileblue.com site:pitchbook.com/profiles/company
getfundid.com,275119,484752-16,pitchbook,getfundid.com site:pitchbook.com/profiles/company
planetmojo.io,277588,489432-16,pitchbook,planetmojo.io site:pitchbook.com/profiles/company
wombat.exchange,300023,493910-38,pitchbook,wombat.exchange site:pitchbook.com/profiles/company
eurekarobotics.com,317303,496296-10,pitchbook,eurekarobotics.com site:pitchbook.com/profiles/company
sonarahealth.com,371784,466733-17,pitchbook,sonarahealth.com site:pitchbook.com/profiles/company
rangerinsurance.com,337405,501166-54,pitchbook,rangerinsurance.com site:pitchbook.com/profiles/company
allozymes.com,184204,438100-03,pitchbook,allozymes.com site:pitchbook.com/profiles/company
nextiles.tech,95369,327559-78,pitchbook,nextiles.tech site:pitchbook.com/profiles/company
ridezygg.com,150439,442292-68,pitchbook,ridezygg.com site:pitchbook.com/profiles/company
b5genomics.com,143576,266590-45,pitchbook,b5genomics.com site:pitchbook.com/profiles/company
dove.it,358880,469428-13,pitchbook,dove.it site:pitchbook.com/profiles/company
bit-odd.com,274416,500620-24,pitchbook,bit-odd.com site:pitchbook.com/profiles/company
goodcarbon.earth,328840,496079-83,pitchbook,goodcarbon.earth site:pitchbook.com/profiles/company
cake.app,150627,343662-04,pitchbook,cake.app site:pitchbook.com/profiles/company
cureosity.de,113456,343256-77,pitchbook,cureosity.de site:pitchbook.com/profiles/company
run-edge.com,144130,432968-59,pitchbook,run-edge.com site:pitchbook.com/profiles/company
zacaparesources.com,232094,467834-77,pitchbook,zacaparesources.com site:pitchbook.com/profiles/company
hookedfoods.com,175912,442778-77,pitchbook,hookedfoods.com site:pitchbook.com/profiles/company
bitfy.app,167701,482547-34,pitchbook,bitfy.app site:pitchbook.com/profiles/company
gigpro.com,261114,458337-61,pitchbook,gigpro.com site:pitchbook.com/profiles/company
medsien.com,114808,267861-16,pitchbook,medsien.com site:pitchbook.com/profiles/company
portshift.io,52749,228968-92,pitchbook,portshift.io site:pitchbook.com/profiles/company
vidanyx.com,103745,398966-32,pitchbook,vidanyx.com site:pitchbook.com/profiles/company
joinbonsai.co,131644,434615-32,pitchbook,joinbonsai.co site:pitchbook.com/profiles/company
kleeen.software,73520,277827-13,pitchbook,kleeen.software site:pitchbook.com/profiles/company
vested.co,52663,314607-43,pitchbook,vested.co site:pitchbook.com/profiles/company
utilizecore.com,192473,437297-68,pitchbook,utilizecore.com site:pitchbook.com/profiles/company
cascade.io,133285,464482-90,pitchbook,cascade.io site:pitchbook.com/profiles/company
venarimedical.com,169306,231144-85,pitchbook,venarimedical.com site:pitchbook.com/profiles/company
gridware.io,174627,442981-00,pitchbook,gridware.io site:pitchbook.com/profiles/company
metaphor.io,174586,458555-23,pitchbook,metaphor.io site:pitchbook.com/profiles/company
deal-engine.com,29642,463441-42,pitchbook,deal-engine.com site:pitchbook.com/profiles/company
sellgauge.com,256971,466456-87,pitchbook,sellgauge.com site:pitchbook.com/profiles/company
arcana.io,329704,518348-89,pitchbook,arcana.io site:pitchbook.com/profiles/company
sushi.com,207276,454625-38,pitchbook,sushi.com site:pitchbook.com/profiles/company
dyaniahealth.com,291940,433697-95,pitchbook,dyaniahealth.com site:pitchbook.com/profiles/company
worksolo.com,237467,472090-24,pitchbook,worksolo.com site:pitchbook.com/profiles/company
cable.tech,168710,471929-59,pitchbook,cable.tech site:pitchbook.com/profiles/company
americantreatmentnetwork.com,240186,467308-09,pitchbook,americantreatmentnetwork.com site:pitchbook.com/profiles/company
winden.co,241783,491711-95,pitchbook,winden.co site:pitchbook.com/profiles/company
oxeye.io,257092,469098-01,pitchbook,oxeye.io site:pitchbook.com/profiles/company
clst.com,251884,491370-94,pitchbook,clst.com site:pitchbook.com/profiles/company
astraguild.io,274624,483953-95,pitchbook,astraguild.io site:pitchbook.com/profiles/company
future.green,285318,484526-26,pitchbook,future.green site:pitchbook.com/profiles/company
modak.live,338626,497896-39,pitchbook,modak.live site:pitchbook.com/profiles/company
scale3labs.com,372272,510221-26,pitchbook,scale3labs.com site:pitchbook.com/profiles/company
emerzenetx.com,383280,503341-12,pitchbook,emerzenetx.com site:pitchbook.com/profiles/company
subdial.co,131430,443179-99,pitchbook,subdial.co site:pitchbook.com/profiles/company
coboworx.com,191051,433821-79,pitchbook,coboworx.com site:pitchbook.com/profiles/company
erudit.ai,91558,343221-13,pitchbook,erudit.ai site:pitchbook.com/profiles/company
bestdaybrewing.com,283774,490317-31,pitchbook,bestdaybrewing.com site:pitchbook.com/profiles/company
unisieve.com,169216,228787-12,pitchbook,unisieve.com site:pitchbook.com/profiles/company
informed.so,303591,462512-53,pitchbook,informed.so site:pitchbook.com/profiles/company
vertuoza.com,221870,462711-97,pitchbook,vertuoza.com site:pitchbook.com/profiles/company
simplr.io,226427,464346-19,pitchbook,simplr.io site:pitchbook.com/profiles/company
flowyour.money,114119,342972-46,pitchbook,flowyour.money site:pitchbook.com/profiles/company
orphiontherapeutics.com,173429,453436-21,pitchbook,orphiontherapeutics.com site:pitchbook.com/profiles/company
the.com,111125,264427-39,pitchbook,the.com site:pitchbook.com/profiles/company
celcius.in,204905,466116-49,pitchbook,celcius.in site:pitchbook.com/profiles/company
driftextracts.com,172005,432851-77,pitchbook,driftextracts.com site:pitchbook.com/profiles/company
fortunafi.com,241866,469768-42,pitchbook,fortunafi.com site:pitchbook.com/profiles/company
konta.com,294418,481412-44,pitchbook,konta.com site:pitchbook.com/profiles/company
cairasurgical.com,169400,267839-74,pitchbook,cairasurgical.com site:pitchbook.com/profiles/company
agricooltur.it,423080,485620-48,pitchbook,agricooltur.it site:pitchbook.com/profiles/company
sifted.eu,114811,264423-52,pitchbook,sifted.eu site:pitchbook.com/profiles/company
banksathi.com,205282,437292-91,pitchbook,banksathi.com site:pitchbook.com/profiles/company
anybill.de,175984,483198-04,pitchbook,anybill.de site:pitchbook.com/profiles/company
vev.co,422586,519533-92,pitchbook,vev.co site:pitchbook.com/profiles/company
aerobloom.com,143579,436126-06,pitchbook,aerobloom.com site:pitchbook.com/profiles/company
wattifev.com,337686,496735-03,pitchbook,wattifev.com site:pitchbook.com/profiles/company
okkohealth.com,125464,437842-45,pitchbook,okkohealth.com site:pitchbook.com/profiles/company
sliprobotics.com,261723,443277-91,pitchbook,sliprobotics.com site:pitchbook.com/profiles/company
electricplayhouse.com,119787,266179-42,pitchbook,electricplayhouse.com site:pitchbook.com/profiles/company
edgehogtech.com,91468,227735-92,pitchbook,edgehogtech.com site:pitchbook.com/profiles/company
ferret.ai,233849,466526-80,pitchbook,ferret.ai site:pitchbook.com/profiles/company
ruptok.com,183016,442583-65,pitchbook,ruptok.com site:pitchbook.com/profiles/company
fivetonine.co,114573,266070-43,pitchbook,fivetonine.co site:pitchbook.com/profiles/company
iterative.ly,134810,268209-46,pitchbook,iterative.ly site:pitchbook.com/profiles/company
serenityehs.com,167398,442352-35,pitchbook,serenityehs.com site:pitchbook.com/profiles/company
drover.ai,177934,458235-64,pitchbook,drover.ai site:pitchbook.com/profiles/company
breadcrumbs.io,202127,442205-83,pitchbook,breadcrumbs.io site:pitchbook.com/profiles/company
zevvy.com,382154,466919-02,pitchbook,zevvy.com site:pitchbook.com/profiles/company
included.ai,262218,459132-76,pitchbook,included.ai site:pitchbook.com/profiles/company
sarcophagus.io,277971,481671-82,pitchbook,sarcophagus.io site:pitchbook.com/profiles/company
withrider.com,254930,482676-49,pitchbook,withrider.com site:pitchbook.com/profiles/company
starlight.money,282450,494183-62,pitchbook,starlight.money site:pitchbook.com/profiles/company
kado.money,308860,483866-11,pitchbook,kado.money site:pitchbook.com/profiles/company
haiper.ai,363343,503033-14,pitchbook,haiper.ai site:pitchbook.com/profiles/company
oxcan.co.uk,424666,439384-78,pitchbook,oxcan.co.uk site:pitchbook.com/profiles/company
xano.com,131246,316373-23,pitchbook,xano.com site:pitchbook.com/profiles/company
lonestarim.com,283432,465923-53,pitchbook,lonestarim.com site:pitchbook.com/profiles/company
xlifesciences.ch,284718,343460-89,pitchbook,xlifesciences.ch site:pitchbook.com/profiles/company
presail.com,293484,493023-07,pitchbook,presail.com site:pitchbook.com/profiles/company
fantiger.com,322937,497334-70,pitchbook,fantiger.com site:pitchbook.com/profiles/company
casadelsoltequila.com,323889,472515-67,pitchbook,casadelsoltequila.com site:pitchbook.com/profiles/company
bill360.com,255007,482036-95,pitchbook,bill360.com site:pitchbook.com/profiles/company
eatcasper.com,309528,495514-81,pitchbook,eatcasper.com site:pitchbook.com/profiles/company
resurface.io,168343,442150-57,pitchbook,resurface.io site:pitchbook.com/profiles/company
okyapp.com,189145,469009-00,pitchbook,okyapp.com site:pitchbook.com/profiles/company
sparkle.ng,252368,438191-74,pitchbook,sparkle.ng site:pitchbook.com/profiles/company
continuum.industries,135039,433700-38,pitchbook,continuum.industries site:pitchbook.com/profiles/company
ikas.com,148649,438727-06,pitchbook,ikas.com site:pitchbook.com/profiles/company
elefant.ai,54609,231380-74,pitchbook,elefant.ai site:pitchbook.com/profiles/company
teammstrd.com,152684,438824-98,pitchbook,teammstrd.com site:pitchbook.com/profiles/company
rosvivo.com,213620,465859-81,pitchbook,rosvivo.com site:pitchbook.com/profiles/company
dalan.com,343597,459223-12,pitchbook,dalan.com site:pitchbook.com/profiles/company
qualytics.co,204558,458164-27,pitchbook,qualytics.co site:pitchbook.com/profiles/company
equalto.com,138255,465291-28,pitchbook,equalto.com site:pitchbook.com/profiles/company
alphynbiologics.com,324376,431366-14,pitchbook,alphynbiologics.com site:pitchbook.com/profiles/company
solarx-africa.com,375657,437910-13,pitchbook,solarx-africa.com site:pitchbook.com/profiles/company
blacktag.com,148488,453490-75,pitchbook,blacktag.com site:pitchbook.com/profiles/company
headinghealth.com,188692,458323-75,pitchbook,headinghealth.com site:pitchbook.com/profiles/company
aipalette.com,84047,266254-66,pitchbook,aipalette.com site:pitchbook.com/profiles/company
measurable.energy,412143,470534-59,pitchbook,measurable.energy site:pitchbook.com/profiles/company
aetherbiomedical.com,110444,232206-04,pitchbook,aetherbiomedical.com site:pitchbook.com/profiles/company
specifyapp.com,80304,338685-40,pitchbook,specifyapp.com site:pitchbook.com/profiles/company
xedbeverages.com,189412,460213-39,pitchbook,xedbeverages.com site:pitchbook.com/profiles/company
carbon.one,299855,494786-08,pitchbook,carbon.one site:pitchbook.com/profiles/company
realtyme.com,295815,467568-64,pitchbook,realtyme.com site:pitchbook.com/profiles/company
beonhand.co.uk,212442,384711-22,pitchbook,beonhand.co.uk site:pitchbook.com/profiles/company
hoytrabajas.com,192274,266662-36,pitchbook,hoytrabajas.com site:pitchbook.com/profiles/company
zhubaoe.cn,202462,463601-26,pitchbook,zhubaoe.cn site:pitchbook.com/profiles/company
hannun.com,110322,227510-92,pitchbook,hannun.com site:pitchbook.com/profiles/company
myndup.com,305480,481278-97,pitchbook,myndup.com site:pitchbook.com/profiles/company
cinch.io,234791,482001-94,pitchbook,cinch.io site:pitchbook.com/profiles/company
hu-manity.co,59858,229439-17,pitchbook,hu-manity.co site:pitchbook.com/profiles/company
buildblock.io,143383,265897-72,pitchbook,buildblock.io site:pitchbook.com/profiles/company
archlabs.com,119607,264678-31,pitchbook,archlabs.com site:pitchbook.com/profiles/company
usedrop.io,298733,277724-17,pitchbook,usedrop.io site:pitchbook.com/profiles/company
slateteams.com,138530,399636-64,pitchbook,slateteams.com site:pitchbook.com/profiles/company
aire.health,61779,265955-14,pitchbook,aire.health site:pitchbook.com/profiles/company
spacejoy.com,96130,308075-05,pitchbook,spacejoy.com site:pitchbook.com/profiles/company
promusicrights.com,122071,458430-31,pitchbook,promusicrights.com site:pitchbook.com/profiles/company
epistemic.ai,126704,431222-32,pitchbook,epistemic.ai site:pitchbook.com/profiles/company
authordigital.com,131116,266705-02,pitchbook,authordigital.com site:pitchbook.com/profiles/company
praisidio.com,148674,399604-69,pitchbook,praisidio.com site:pitchbook.com/profiles/company
spexigeo.com,276990,233012-98,pitchbook,spexigeo.com site:pitchbook.com/profiles/company
incrmntal.com,165680,443127-07,pitchbook,incrmntal.com site:pitchbook.com/profiles/company
railspire.com,295774,469683-37,pitchbook,railspire.com site:pitchbook.com/profiles/company
psygen.ca,139592,442749-79,pitchbook,psygen.ca site:pitchbook.com/profiles/company
ambulero.com,184042,459350-92,pitchbook,ambulero.com site:pitchbook.com/profiles/company
prediko.io,202089,462207-61,pitchbook,prediko.io site:pitchbook.com/profiles/company
volleyapp.com,203814,438329-26,pitchbook,volleyapp.com site:pitchbook.com/profiles/company
branchenergy.com,191965,469646-47,pitchbook,branchenergy.com site:pitchbook.com/profiles/company
philanthropi.com,201828,279773-56,pitchbook,philanthropi.com site:pitchbook.com/profiles/company
boomandbucket.com,185382,463381-39,pitchbook,boomandbucket.com site:pitchbook.com/profiles/company
oak.tech,241604,484550-20,pitchbook,oak.tech site:pitchbook.com/profiles/company
houza.com,337464,501010-30,pitchbook,houza.com site:pitchbook.com/profiles/company
clarostechnologies.com,232076,463099-60,pitchbook,clarostechnologies.com site:pitchbook.com/profiles/company
debridge.finance,240399,472428-37,pitchbook,debridge.finance site:pitchbook.com/profiles/company
zenotech.io,255249,482318-20,pitchbook,zenotech.io site:pitchbook.com/profiles/company
struxtion.com,354153,483406-75,pitchbook,struxtion.com site:pitchbook.com/profiles/company
friktion.fi,285792,490058-20,pitchbook,friktion.fi site:pitchbook.com/profiles/company
exploreshackle.com,197733,462888-19,pitchbook,exploreshackle.com site:pitchbook.com/profiles/company
proactiveforher.com,260263,472354-57,pitchbook,proactiveforher.com site:pitchbook.com/profiles/company
truecircle.ai,234284,482678-11,pitchbook,truecircle.ai site:pitchbook.com/profiles/company
strider.xyz,332017,493546-24,pitchbook,strider.xyz site:pitchbook.com/profiles/company
endstate.io,337324,481974-94,pitchbook,endstate.io site:pitchbook.com/profiles/company
sportsbox.ai,398908,495917-83,pitchbook,sportsbox.ai site:pitchbook.com/profiles/company
briya.com,309399,495581-68,pitchbook,briya.com site:pitchbook.com/profiles/company
logrock.com,308657,491715-46,pitchbook,logrock.com site:pitchbook.com/profiles/company
thejumba.com,330246,498391-93,pitchbook,thejumba.com site:pitchbook.com/profiles/company
victoriavr.com,286277,484415-02,pitchbook,victoriavr.com site:pitchbook.com/profiles/company
angelink.com,337983,501885-01,pitchbook,angelink.com site:pitchbook.com/profiles/company
alongside.care,351860,501843-61,pitchbook,alongside.care site:pitchbook.com/profiles/company
sumosignals.com,343438,502795-99,pitchbook,sumosignals.com site:pitchbook.com/profiles/company
getctrl.co,282209,471179-26,pitchbook,getctrl.co site:pitchbook.com/profiles/company
ruckus-games.com,360707,507399-49,pitchbook,ruckus-games.com site:pitchbook.com/profiles/company
damonapharma.com,371827,509390-29,pitchbook,damonapharma.com site:pitchbook.com/profiles/company
earlyisgood.com,383620,500970-79,pitchbook,earlyisgood.com site:pitchbook.com/profiles/company
nu-quantum.com,110459,234146-35,pitchbook,nu-quantum.com site:pitchbook.com/profiles/company
thankucash.com,103539,279567-82,pitchbook,thankucash.com site:pitchbook.com/profiles/company
oda.co,184265,442810-00,pitchbook,oda.co site:pitchbook.com/profiles/company
minterest.com,241657,481364-02,pitchbook,minterest.com site:pitchbook.com/profiles/company
blockbank.ai,365203,466723-36,pitchbook,blockbank.ai site:pitchbook.com/profiles/company
muddymachines.com,204840,464464-81,pitchbook,muddymachines.com site:pitchbook.com/profiles/company
liqi.com.br,203877,489998-53,pitchbook,liqi.com.br site:pitchbook.com/profiles/company
turintech.ai,111531,339801-85,pitchbook,turintech.ai site:pitchbook.com/profiles/company
yebofresh.co.za,101049,311823-46,pitchbook,yebofresh.co.za site:pitchbook.com/profiles/company
sourcewiz.co,255293,481921-21,pitchbook,sourcewiz.co site:pitchbook.com/profiles/company
natif.ai,158324,439014-07,pitchbook,natif.ai site:pitchbook.com/profiles/company
gowithflow.io,147238,471120-76,pitchbook,gowithflow.io site:pitchbook.com/profiles/company
aircela.com,344860,491576-41,pitchbook,aircela.com site:pitchbook.com/profiles/company
ipor.io,254920,482406-13,pitchbook,ipor.io site:pitchbook.com/profiles/company
mirta.com,200391,484884-55,pitchbook,mirta.com site:pitchbook.com/profiles/company
marizyme.com,171638,41650-39,pitchbook,marizyme.com site:pitchbook.com/profiles/company
willbox.jp,280114,466433-74,pitchbook,willbox.jp site:pitchbook.com/profiles/company
healthoutlook.com,323499,498171-34,pitchbook,healthoutlook.com site:pitchbook.com/profiles/company
iduna.co.uk,203890,465191-92,pitchbook,iduna.co.uk site:pitchbook.com/profiles/company
ufounders.com,202615,437945-05,pitchbook,ufounders.com site:pitchbook.com/profiles/company
landintelligence.net,133793,399110-32,pitchbook,landintelligence.net site:pitchbook.com/profiles/company
toopi-organics.com,130535,434603-80,pitchbook,toopi-organics.com site:pitchbook.com/profiles/company
phononx.com,305282,494536-69,pitchbook,phononx.com site:pitchbook.com/profiles/company
olvin.com,196841,264763-54,pitchbook,olvin.com site:pitchbook.com/profiles/company
athena-security.com,52179,266928-85,pitchbook,athena-security.com site:pitchbook.com/profiles/company
zadarlabs.com,119738,340911-64,pitchbook,zadarlabs.com site:pitchbook.com/profiles/company
fanup.app,144127,436040-11,pitchbook,fanup.app site:pitchbook.com/profiles/company
bods.me,305303,494248-60,pitchbook,bods.me site:pitchbook.com/profiles/company
pods.finance,139588,463200-04,pitchbook,pods.finance site:pitchbook.com/profiles/company
mangata.finance,192383,470488-24,pitchbook,mangata.finance site:pitchbook.com/profiles/company
joinellis.com,256659,482381-38,pitchbook,joinellis.com site:pitchbook.com/profiles/company
helloplaybook.com,251748,463175-65,pitchbook,helloplaybook.com site:pitchbook.com/profiles/company
hakkoda.io,257252,483491-71,pitchbook,hakkoda.io site:pitchbook.com/profiles/company
izumi.finance,274944,482235-40,pitchbook,izumi.finance site:pitchbook.com/profiles/company
factoredquality.com,274392,432542-08,pitchbook,factoredquality.com site:pitchbook.com/profiles/company
arraylabs.io,298794,452804-50,pitchbook,arraylabs.io site:pitchbook.com/profiles/company
nayahomes.co,308778,495477-01,pitchbook,nayahomes.co site:pitchbook.com/profiles/company
getpin.xyz,354327,504146-35,pitchbook,getpin.xyz site:pitchbook.com/profiles/company
sunmetalon.com,382866,472243-33,pitchbook,sunmetalon.com site:pitchbook.com/profiles/company
profetai.com,409015,472024-09,pitchbook,profetai.com site:pitchbook.com/profiles/company
tryadonis.com,347032,504022-96,pitchbook,tryadonis.com site:pitchbook.com/profiles/company
itsaugust.co,192236,464401-36,pitchbook,itsaugust.co site:pitchbook.com/profiles/company
curehydration.com,29560,277331-86,pitchbook,curehydration.com site:pitchbook.com/profiles/company
lami.world,185727,465810-85,pitchbook,lami.world site:pitchbook.com/profiles/company
indo.is,129116,433752-04,pitchbook,indo.is site:pitchbook.com/profiles/company
vitrayatech.com,232293,466989-04,pitchbook,vitrayatech.com site:pitchbook.com/profiles/company
cozyla.com,391702,513480-16,pitchbook,cozyla.com site:pitchbook.com/profiles/company
cognitivespace.com,71885,277560-01,pitchbook,cognitivespace.com site:pitchbook.com/profiles/company
listfunding.com,191572,308003-05,pitchbook,listfunding.com site:pitchbook.com/profiles/company
happeortho.com,143784,264356-83,pitchbook,happeortho.com site:pitchbook.com/profiles/company
continuity-tech.ai,136296,438912-82,pitchbook,continuity-tech.ai site:pitchbook.com/profiles/company
duckcamp.com,334830,339935-50,pitchbook,duckcamp.com site:pitchbook.com/profiles/company
behavidence.com,190252,468004-69,pitchbook,behavidence.com site:pitchbook.com/profiles/company
syntegra.io,144541,437403-52,pitchbook,syntegra.io site:pitchbook.com/profiles/company
hellohakuna.com,282094,484865-47,pitchbook,hellohakuna.com site:pitchbook.com/profiles/company
biovaxys.com,184766,434314-18,pitchbook,biovaxys.com site:pitchbook.com/profiles/company
qualiti.ai,255413,482524-57,pitchbook,qualiti.ai site:pitchbook.com/profiles/company
chara.co.in,202244,465130-90,pitchbook,chara.co.in site:pitchbook.com/profiles/company
hc-tech.com,355895,327312-10,pitchbook,hc-tech.com site:pitchbook.com/profiles/company
baloy.com.my,305269,470988-64,pitchbook,baloy.com.my site:pitchbook.com/profiles/company
lucidity.cloud,304633,467622-19,pitchbook,lucidity.cloud site:pitchbook.com/profiles/company
livebuy.io,173890,482721-67,pitchbook,livebuy.io site:pitchbook.com/profiles/company
salientpredictions.com,195486,465378-94,pitchbook,salientpredictions.com site:pitchbook.com/profiles/company
aivatech.com,167614,435039-67,pitchbook,aivatech.com site:pitchbook.com/profiles/company
privacydynamics.io,143482,266594-50,pitchbook,privacydynamics.io site:pitchbook.com/profiles/company
zaiko.io,128077,267134-68,pitchbook,zaiko.io site:pitchbook.com/profiles/company
complementtx.com,293750,465705-55,pitchbook,complementtx.com site:pitchbook.com/profiles/company
unlimitd.com,273416,484525-45,pitchbook,unlimitd.com site:pitchbook.com/profiles/company
adamasone.com,246765,436688-02,pitchbook,adamasone.com site:pitchbook.com/profiles/company
norban.se,95481,439337-17,pitchbook,norban.se site:pitchbook.com/profiles/company
peakperformer.io,220808,399068-74,pitchbook,peakperformer.io site:pitchbook.com/profiles/company
paytrix.io,330956,501756-58,pitchbook,paytrix.io site:pitchbook.com/profiles/company
socialswag.com,195130,463998-25,pitchbook,socialswag.com site:pitchbook.com/profiles/company
unlock-protocol.com,35850,231272-83,pitchbook,unlock-protocol.com site:pitchbook.com/profiles/company
spritzsociety.com,392001,493703-38,pitchbook,spritzsociety.com site:pitchbook.com/profiles/company
wisedocs.ai,264720,399630-34,pitchbook,wisedocs.ai site:pitchbook.com/profiles/company
qobra.co,158056,489500-20,pitchbook,qobra.co site:pitchbook.com/profiles/company
xemelgo.com,36230,343178-65,pitchbook,xemelgo.com site:pitchbook.com/profiles/company
atlasxomics.com,196169,454418-11,pitchbook,atlasxomics.com site:pitchbook.com/profiles/company
spark-nano.com,388819,265954-33,pitchbook,spark-nano.com site:pitchbook.com/profiles/company
cradle.bio,251020,513364-60,pitchbook,cradle.bio site:pitchbook.com/profiles/company
mercadolabs.com,123118,231786-46,pitchbook,mercadolabs.com site:pitchbook.com/profiles/company
pixaera.com,232051,442274-14,pitchbook,pixaera.com site:pitchbook.com/profiles/company
sagetap.io,177167,464336-02,pitchbook,sagetap.io site:pitchbook.com/profiles/company
coralgenomics.com,113326,232818-31,pitchbook,coralgenomics.com site:pitchbook.com/profiles/company
disastertech.com,144185,434900-35,pitchbook,disastertech.com site:pitchbook.com/profiles/company
hamsapay.com,168052,438388-21,pitchbook,hamsapay.com site:pitchbook.com/profiles/company
eternityws.com,409530,494686-27,pitchbook,eternityws.com site:pitchbook.com/profiles/company
awarehc.com,203619,484481-80,pitchbook,awarehc.com site:pitchbook.com/profiles/company
veganofoods.com,186928,459419-68,pitchbook,veganofoods.com site:pitchbook.com/profiles/company
arkh.com,189231,461900-98,pitchbook,arkh.com site:pitchbook.com/profiles/company
sequincard.com,168097,481433-68,pitchbook,sequincard.com site:pitchbook.com/profiles/company
catenabiosciences.com,182716,469798-21,pitchbook,catenabiosciences.com site:pitchbook.com/profiles/company
primex.finance,277883,484389-82,pitchbook,primex.finance site:pitchbook.com/profiles/company
eliqs.com,348398,439087-15,pitchbook,eliqs.com site:pitchbook.com/profiles/company
continueai.com,376054,492709-60,pitchbook,continueai.com site:pitchbook.com/profiles/company
featurebyte.com,344091,502937-83,pitchbook,featurebyte.com site:pitchbook.com/profiles/company
zarta.com,431055,520994-17,pitchbook,zarta.com site:pitchbook.com/profiles/company
mypura.com,294549,492979-42,pitchbook,mypura.com site:pitchbook.com/profiles/company
viritech.co.uk,219944,469924-39,pitchbook,viritech.co.uk site:pitchbook.com/profiles/company
polyprox.com,37372,267156-46,pitchbook,polyprox.com site:pitchbook.com/profiles/company
baseimmune.co.uk,195026,442706-77,pitchbook,baseimmune.co.uk site:pitchbook.com/profiles/company
iconium.it,60237,230424-94,pitchbook,iconium.it site:pitchbook.com/profiles/company
aveni.ai,137859,435710-62,pitchbook,aveni.ai site:pitchbook.com/profiles/company
nostos-genomics.com,126905,268493-14,pitchbook,nostos-genomics.com site:pitchbook.com/profiles/company
zem.bo,173480,235079-29,pitchbook,zem.bo site:pitchbook.com/profiles/company
bezahl.de,288030,459306-01,pitchbook,bezahl.de site:pitchbook.com/profiles/company
thecooldown.com,338733,498235-60,pitchbook,thecooldown.com site:pitchbook.com/profiles/company
okapiorbits.space,327971,437324-14,pitchbook,okapiorbits.space site:pitchbook.com/profiles/company
rellevate.com,148409,438496-93,pitchbook,rellevate.com site:pitchbook.com/profiles/company
flyp.co,380478,125620-84,pitchbook,flyp.co site:pitchbook.com/profiles/company
space3cafe.com,202386,462447-37,pitchbook,space3cafe.com site:pitchbook.com/profiles/company
e-ai-edu.com,402820,280841-05,pitchbook,e-ai-edu.com site:pitchbook.com/profiles/company
protekt.com,313753,495417-79,pitchbook,protekt.com site:pitchbook.com/profiles/company
aquitureforma.com,120078,314661-16,pitchbook,aquitureforma.com site:pitchbook.com/profiles/company
buyerassist.io,202198,464176-72,pitchbook,buyerassist.io site:pitchbook.com/profiles/company
naya.studio,141324,481837-69,pitchbook,naya.studio site:pitchbook.com/profiles/company
visgenx.com,126838,277569-10,pitchbook,visgenx.com site:pitchbook.com/profiles/company
dockethq.com,121364,327392-20,pitchbook,dockethq.com site:pitchbook.com/profiles/company
agrourbana.ag,139948,436341-61,pitchbook,agrourbana.ag site:pitchbook.com/profiles/company
getchange.io,250905,454893-49,pitchbook,getchange.io site:pitchbook.com/profiles/company
getprado.com,390502,467810-92,pitchbook,getprado.com site:pitchbook.com/profiles/company
limitfi.com,232708,465443-47,pitchbook,limitfi.com site:pitchbook.com/profiles/company
betafinance.org,256739,483366-97,pitchbook,betafinance.org site:pitchbook.com/profiles/company
firstpartyhq.com,313508,495377-20,pitchbook,firstpartyhq.com site:pitchbook.com/profiles/company
goldshoreresources.com,403559,462891-07,pitchbook,goldshoreresources.com site:pitchbook.com/profiles/company
microfluidx.co.uk,131092,434437-21,pitchbook,microfluidx.co.uk site:pitchbook.com/profiles/company
mtx.gg,175857,435684-70,pitchbook,mtx.gg site:pitchbook.com/profiles/company
microcaps.ch,111520,264677-50,pitchbook,microcaps.ch site:pitchbook.com/profiles/company
yuxiaoguo.com,140490,300260-53,pitchbook,yuxiaoguo.com site:pitchbook.com/profiles/company
thehundred.it,252230,482322-52,pitchbook,thehundred.it site:pitchbook.com/profiles/company
qollabi.com,74101,466630-12,pitchbook,qollabi.com site:pitchbook.com/profiles/company
vespertool.com,247373,481996-54,pitchbook,vespertool.com site:pitchbook.com/profiles/company
baupal.de,357255,500986-45,pitchbook,baupal.de site:pitchbook.com/profiles/company
yourtravis.com,95026,300223-81,pitchbook,yourtravis.com site:pitchbook.com/profiles/company
stage11.com,252226,482502-25,pitchbook,stage11.com site:pitchbook.com/profiles/company
tenderd.com,51907,232084-72,pitchbook,tenderd.com site:pitchbook.com/profiles/company
goamify.com,28115,230958-46,pitchbook,goamify.com site:pitchbook.com/profiles/company
azarus.io,61896,265471-57,pitchbook,azarus.io site:pitchbook.com/profiles/company
certificial.com,210016,462935-80,pitchbook,certificial.com site:pitchbook.com/profiles/company
kemtai.com,226708,458120-35,pitchbook,kemtai.com site:pitchbook.com/profiles/company
xtype.io,296422,481228-39,pitchbook,xtype.io site:pitchbook.com/profiles/company
solarbiotech.com,204265,462016-27,pitchbook,solarbiotech.com site:pitchbook.com/profiles/company
unbound.finance,210928,466192-45,pitchbook,unbound.finance site:pitchbook.com/profiles/company
gifthealth.com,197116,462831-40,pitchbook,gifthealth.com site:pitchbook.com/profiles/company
myplace.co,285784,467857-72,pitchbook,myplace.co site:pitchbook.com/profiles/company
influur.com,247300,458683-57,pitchbook,influur.com site:pitchbook.com/profiles/company
bobidi.com,283575,472174-03,pitchbook,bobidi.com site:pitchbook.com/profiles/company
sparrowfi.com,232288,462621-97,pitchbook,sparrowfi.com site:pitchbook.com/profiles/company
trystack.io,287021,482058-19,pitchbook,trystack.io site:pitchbook.com/profiles/company
gamergains.com,296626,495828-82,pitchbook,gamergains.com site:pitchbook.com/profiles/company
sloomooinstitute.com,364058,489307-96,pitchbook,sloomooinstitute.com site:pitchbook.com/profiles/company
nftnow.com,323955,510329-44,pitchbook,nftnow.com site:pitchbook.com/profiles/company
kennek.io,336404,503251-48,pitchbook,kennek.io site:pitchbook.com/profiles/company
solenic.com,183975,267546-43,pitchbook,solenic.com site:pitchbook.com/profiles/company
reflexer.finance,147605,437892-49,pitchbook,reflexer.finance site:pitchbook.com/profiles/company
xund.ai,126850,434918-62,pitchbook,xund.ai site:pitchbook.com/profiles/company
foodlab-france.com,410731,513084-79,pitchbook,foodlab-france.com site:pitchbook.com/profiles/company
alkemi.network,111438,294745-96,pitchbook,alkemi.network site:pitchbook.com/profiles/company
rolebot.io,167280,233854-03,pitchbook,rolebot.io site:pitchbook.com/profiles/company
traderoots.buzz,167851,442589-86,pitchbook,traderoots.buzz site:pitchbook.com/profiles/company
mintus.com,276028,492622-12,pitchbook,mintus.com site:pitchbook.com/profiles/company
bonvivant-food.com,327847,494200-54,pitchbook,bonvivant-food.com site:pitchbook.com/profiles/company
zaxapp.com.br,136019,454408-84,pitchbook,zaxapp.com.br site:pitchbook.com/profiles/company
tacto.ai,152673,443068-39,pitchbook,tacto.ai site:pitchbook.com/profiles/company
ikaria.co,128588,432493-66,pitchbook,ikaria.co site:pitchbook.com/profiles/company
montycloud.com,114303,343123-75,pitchbook,montycloud.com site:pitchbook.com/profiles/company
dovly.com,121192,328187-89,pitchbook,dovly.com site:pitchbook.com/profiles/company
kaidhealth.com,220805,462559-87,pitchbook,kaidhealth.com site:pitchbook.com/profiles/company
myria.us,284439,495039-07,pitchbook,myria.us site:pitchbook.com/profiles/company
wink.cloud,317893,493428-70,pitchbook,wink.cloud site:pitchbook.com/profiles/company
olisticscience.com,380618,489605-23,pitchbook,olisticscience.com site:pitchbook.com/profiles/company
cecilianpartners.com,165086,416572-21,pitchbook,cecilianpartners.com site:pitchbook.com/profiles/company
manetu.com,186152,407217-43,pitchbook,manetu.com site:pitchbook.com/profiles/company
htmaterialsscience.com,234183,437920-21,pitchbook,htmaterialsscience.com site:pitchbook.com/profiles/company
pelemed.com,184796,455036-95,pitchbook,pelemed.com site:pitchbook.com/profiles/company
ride.capital,149234,455198-95,pitchbook,ride.capital site:pitchbook.com/profiles/company
eyeratebusiness.com,191186,439018-57,pitchbook,eyeratebusiness.com site:pitchbook.com/profiles/company
requr.io,234381,471979-00,pitchbook,requr.io site:pitchbook.com/profiles/company
seawith.net,238206,461872-54,pitchbook,seawith.net site:pitchbook.com/profiles/company
somosinternet.co,287186,442897-57,pitchbook,somosinternet.co site:pitchbook.com/profiles/company
nftfi.com,262221,439050-16,pitchbook,nftfi.com site:pitchbook.com/profiles/company
sooper.com.br,255780,471576-34,pitchbook,sooper.com.br site:pitchbook.com/profiles/company
orgnostic.com,166198,433822-06,pitchbook,orgnostic.com site:pitchbook.com/profiles/company
martini.ai,320134,496037-98,pitchbook,martini.ai site:pitchbook.com/profiles/company
spectacleentertainment.com,54693,235205-02,pitchbook,spectacleentertainment.com site:pitchbook.com/profiles/company
omnisient.com,126769,432959-77,pitchbook,omnisient.com site:pitchbook.com/profiles/company
etaily.com,191172,461968-48,pitchbook,etaily.com site:pitchbook.com/profiles/company
smartville.io,431484,454264-93,pitchbook,smartville.io site:pitchbook.com/profiles/company
veracityselfcare.com,202088,459733-87,pitchbook,veracityselfcare.com site:pitchbook.com/profiles/company
pendulumfn.com,286465,489842-83,pitchbook,pendulumfn.com site:pitchbook.com/profiles/company
lhotse.de,225596,481248-55,pitchbook,lhotse.de site:pitchbook.com/profiles/company
fainders.ai,427137,500708-44,pitchbook,fainders.ai site:pitchbook.com/profiles/company
