domain,company_id,entity_id,entity,google_query
baupal.de,357255,baupal,linkedin,baupal.de site:linkedin.com/company
yourtravis.com,95026,travisroadservices,linkedin,yourtravis.com site:linkedin.com/company
stage11.com,252226,stage11live,linkedin,stage11.com site:linkedin.com/company
tenderd.com,51907,tenderd,linkedin,tenderd.com site:linkedin.com/company
goamify.com,28115,amify,linkedin,goamify.com site:linkedin.com/company
azarus.io,61896,azarusio,linkedin,azarus.io site:linkedin.com/company
certificial.com,210016,certificial,linkedin,certificial.com site:linkedin.com/company
kemtai.com,226708,kemtai,linkedin,kemtai.com site:linkedin.com/company
xtype.io,296422,xtype,linkedin,xtype.io site:linkedin.com/company
solarbiotech.com,204265,solar-biotech,linkedin,solarbiotech.com site:linkedin.com/company
gifthealth.com,197116,gifthealth,linkedin,gifthealth.com site:linkedin.com/company
myplace.co,285784,myplaceapp,linkedin,myplace.co site:linkedin.com/company
influur.com,247300,influur,linkedin,influur.com site:linkedin.com/company
alexgo.io,261925,alexgobtc,linkedin,alexgo.io site:linkedin.com/company
bobidi.com,283575,bobidi-inc,linkedin,bobidi.com site:linkedin.com/company
sparrowfi.com,232288,sparrow-lending,linkedin,sparrowfi.com site:linkedin.com/company
trystack.io,287021,stackfintech,linkedin,trystack.io site:linkedin.com/company
sloomooinstitute.com,364058,sloomooinstitute,linkedin,sloomooinstitute.com site:linkedin.com/company
flash.co,393553,flashmonk,linkedin,flash.co site:linkedin.com/company
nftnow.com,323955,nftnow,linkedin,nftnow.com site:linkedin.com/company
kennek.io,336404,kennek,linkedin,kennek.io site:linkedin.com/company
solenic.com,183975,solenic-medical,linkedin,solenic.com site:linkedin.com/company
reflexer.finance,147605,reflexer-labs,linkedin,reflexer.finance site:linkedin.com/company
xund.ai,126850,xund,linkedin,xund.ai site:linkedin.com/company
foodlab-france.com,410731,food-lab-france,linkedin,foodlab-france.com site:linkedin.com/company
1911gold.com,274908,1911-gold-corporation,linkedin,1911gold.com site:linkedin.com/company
alkemi.network,111438,alkeminetwork,linkedin,alkemi.network site:linkedin.com/company
rolebot.io,167280,rolebot,linkedin,rolebot.io site:linkedin.com/company
traderoots.buzz,167851,trade-roots-ma,linkedin,traderoots.buzz site:linkedin.com/company
mintus.com,276028,mintusinvest,linkedin,mintus.com site:linkedin.com/company
bonvivant-food.com,327847,bonvivantfood,linkedin,bonvivant-food.com site:linkedin.com/company
zaxapp.com.br,136019,zaxapp,linkedin,zaxapp.com.br site:linkedin.com/company
tacto.ai,152673,tactotechnology,linkedin,tacto.ai site:linkedin.com/company
montycloud.com,114303,montycloud,linkedin,montycloud.com site:linkedin.com/company
dovly.com,121192,dovly,linkedin,dovly.com site:linkedin.com/company
kaidhealth.com,220805,kaid-health,linkedin,kaidhealth.com site:linkedin.com/company
myria.us,284439,itsonmyria,linkedin,myria.us site:linkedin.com/company
wink.cloud,317893,winkverse,linkedin,wink.cloud site:linkedin.com/company
olisticscience.com,380618,olistic,linkedin,olisticscience.com site:linkedin.com/company
cecilianpartners.com,165086,cecilianpartners,linkedin,cecilianpartners.com site:linkedin.com/company
zenyachts.com,431766,zeroemissionnautic,linkedin,zenyachts.com site:linkedin.com/company
epickitchens.com,186419,epickitchens,linkedin,epickitchens.com site:linkedin.com/company
manetu.com,186152,manetu-inc,linkedin,manetu.com site:linkedin.com/company
htmaterialsscience.com,234183,ht-materials-science,linkedin,htmaterialsscience.com site:linkedin.com/company
ride.capital,149234,ridecapital,linkedin,ride.capital site:linkedin.com/company
eyeratebusiness.com,191186,eyerate,linkedin,eyeratebusiness.com site:linkedin.com/company
requr.io,234381,requr,linkedin,requr.io site:linkedin.com/company
somosinternet.co,287186,somos-internet,linkedin,somosinternet.co site:linkedin.com/company
nftfi.com,262221,nftfi,linkedin,nftfi.com site:linkedin.com/company
sooper.com.br,255780,besooper,linkedin,sooper.com.br site:linkedin.com/company
orgnostic.com,166198,orgnostic,linkedin,orgnostic.com site:linkedin.com/company
tennexcbd.com,137412,tennex-cbd,linkedin,tennexcbd.com site:linkedin.com/company
whenthen.com,149079,when-then,linkedin,whenthen.com site:linkedin.com/company
martini.ai,320134,martini-ai,linkedin,martini.ai site:linkedin.com/company
octopus.health,173008,octopus-health,linkedin,octopus.health site:linkedin.com/company
omnisient.com,126769,omnisient,linkedin,omnisient.com site:linkedin.com/company
etaily.com,191172,etaily,linkedin,etaily.com site:linkedin.com/company
smartville.io,431484,smartville-inc,linkedin,smartville.io site:linkedin.com/company
veracityselfcare.com,202088,veracity-selfcare,linkedin,veracityselfcare.com site:linkedin.com/company
pendulumfn.com,286465,pendulumfn,linkedin,pendulumfn.com site:linkedin.com/company
lhotse.de,225596,lhotse,linkedin,lhotse.de site:linkedin.com/company
fainders.ai,427137,faindersai,linkedin,fainders.ai site:linkedin.com/company
emotorad.com,285682,emotorad,linkedin,emotorad.com site:linkedin.com/company
hertilityhealth.com,192183,hertility,linkedin,hertilityhealth.com site:linkedin.com/company
midwestshootingcenter.com,169310,midwest-shooting-center,linkedin,midwestshootingcenter.com site:linkedin.com/company
curatedforyou.io,383650,curatedforyou,linkedin,curatedforyou.io site:linkedin.com/company
swoopin.green,191958,swoopintech,linkedin,swoopin.green site:linkedin.com/company
enjoyscout.com,232037,scout-canning,linkedin,enjoyscout.com site:linkedin.com/company
myricxpharma.com,172577,myricx-pharma-ltd,linkedin,myricxpharma.com site:linkedin.com/company
workreflex.com,288857,reflexinc,linkedin,workreflex.com site:linkedin.com/company
innatera.com,173788,innatera,linkedin,innatera.com site:linkedin.com/company
curiousthing.io,19375,curiousthing-io,linkedin,curiousthing.io site:linkedin.com/company
healthycell.com,190625,healthycell,linkedin,healthycell.com site:linkedin.com/company
deeplife.co,177805,deeplifeco,linkedin,deeplife.co site:linkedin.com/company
panomebio.com,428986,panome-bio,linkedin,panomebio.com site:linkedin.com/company
eikonoklastes.com,143407,eikonoklastes-therapeutics-inc,linkedin,eikonoklastes.com site:linkedin.com/company
novel.audio,420882,novelpodcasts,linkedin,novel.audio site:linkedin.com/company
euphratesvascular.com,196125,euphrates-vascular,linkedin,euphratesvascular.com site:linkedin.com/company
cosmian.com,28425,cosmian,linkedin,cosmian.com site:linkedin.com/company
explora-project.com,143099,explora-project,linkedin,explora-project.com site:linkedin.com/company
returnentertainment.com,191416,returnentertainment,linkedin,returnentertainment.com site:linkedin.com/company
insurama.com,212422,insurama,linkedin,insurama.com site:linkedin.com/company
fiatrepublic.com,254828,fiatrepublic,linkedin,fiatrepublic.com site:linkedin.com/company
radiclescience.com,226569,radiclescience,linkedin,radiclescience.com site:linkedin.com/company
gm.xyz,297890,gm-labs,linkedin,gm.xyz site:linkedin.com/company
jot.co,260799,jotcoffee,linkedin,jot.co site:linkedin.com/company
regeltec.com,74148,regeltec-inc,linkedin,regeltec.com site:linkedin.com/company
databased.com,234200,databased-software,linkedin,databased.com site:linkedin.com/company
ritten.io,413214,rittensoftware,linkedin,ritten.io site:linkedin.com/company
feedback.earth,310406,feedback-earth,linkedin,feedback.earth site:linkedin.com/company
help.com,56880,help-com,linkedin,help.com site:linkedin.com/company
thehousemonk.com,124731,thehousemonk,linkedin,thehousemonk.com site:linkedin.com/company
readyassist.in,178055,readyassist,linkedin,readyassist.in site:linkedin.com/company
lobus.io,96209,lobus,linkedin,lobus.io site:linkedin.com/company
soos.io,285107,soos,linkedin,soos.io site:linkedin.com/company
knock-knock.us,62820,knock-knock-games,linkedin,knock-knock.us site:linkedin.com/company
infinigrow.com,87985,infinigrow,linkedin,infinigrow.com site:linkedin.com/company
online.io,58632,online-io-blockchain-technologies,linkedin,online.io site:linkedin.com/company
scoo.mobi,83480,scoo-mobilidade,linkedin,scoo.mobi site:linkedin.com/company
meetsanctuary.com,120017,meet-sanctuary,linkedin,meetsanctuary.com site:linkedin.com/company
repvue.com,218226,repvue,linkedin,repvue.com site:linkedin.com/company
arcane.no,40344,arcane-crypto,linkedin,arcane.no site:linkedin.com/company
mdisrupt.com,296658,mdisrupt,linkedin,mdisrupt.com site:linkedin.com/company
logisly.com,76855,logistik-pintar-indonesia-logisly,linkedin,logisly.com site:linkedin.com/company
livefurnish.com,95161,livefurnish,linkedin,livefurnish.com site:linkedin.com/company
meddo.in,96090,meddo-in,linkedin,meddo.in site:linkedin.com/company
verikai.com,140808,verikai,linkedin,verikai.com site:linkedin.com/company
fanimal.com,121791,fanimal-inc,linkedin,fanimal.com site:linkedin.com/company
vertosa.com,119872,vertosa,linkedin,vertosa.com site:linkedin.com/company
uniacco.com,120905,uniacco,linkedin,uniacco.com site:linkedin.com/company
curesponse.com,138402,curesponse,linkedin,curesponse.com site:linkedin.com/company
project-helios.space,296765,project-helios,linkedin,project-helios.space site:linkedin.com/company
cycle.app,80403,cycleapp,linkedin,cycle.app site:linkedin.com/company
nathabit.in,119810,nathabit,linkedin,nathabit.in site:linkedin.com/company
samya.ai,122171,samya-ai-inc,linkedin,samya.ai site:linkedin.com/company
yonalink.com,288489,yonalink,linkedin,yonalink.com site:linkedin.com/company
oolo.io,126770,00l0,linkedin,oolo.io site:linkedin.com/company
swanbitcoin.com,131033,swanbitcoin,linkedin,swanbitcoin.com site:linkedin.com/company
multiliving.co.in,127889,multilivingofficial,linkedin,multiliving.co.in site:linkedin.com/company
rockx.com,305245,rockx-official,linkedin,rockx.com site:linkedin.com/company
sgbioscience.com,130166,sgbioscience,linkedin,sgbioscience.com site:linkedin.com/company
jiafinance.com,171373,jiafinance,linkedin,jiafinance.com site:linkedin.com/company
xilo.io,139790,team-xilo,linkedin,xilo.io site:linkedin.com/company
crosstower.com,139830,crosstower,linkedin,crosstower.com site:linkedin.com/company
polymerhq.io,139691,polymerhq,linkedin,polymerhq.io site:linkedin.com/company
replai.io,140007,replai,linkedin,replai.io site:linkedin.com/company
unfolded.ai,119720,unfolded-inc,linkedin,unfolded.ai site:linkedin.com/company
ecxx.com,141062,ecxx,linkedin,ecxx.com site:linkedin.com/company
reperiohealth.com,189307,reperio-health,linkedin,reperiohealth.com site:linkedin.com/company
getfursure.com,137626,getfursure,linkedin,getfursure.com site:linkedin.com/company
nyquistdata.com,185188,nyquistai,linkedin,nyquistdata.com site:linkedin.com/company
ananda.net,148665,anandanetworks,linkedin,ananda.net site:linkedin.com/company
datomize.com,185210,datomize,linkedin,datomize.com site:linkedin.com/company
tenurex.com,165659,tenurex,linkedin,tenurex.com site:linkedin.com/company
cloudnatix.com,95225,cloudnatix-inc,linkedin,cloudnatix.com site:linkedin.com/company
enso.security,169283,enso-security,linkedin,enso.security site:linkedin.com/company
build.security,172917,build-security,linkedin,build.security site:linkedin.com/company
einblick.ai,163806,einblick-analytics,linkedin,einblick.ai site:linkedin.com/company
indexclinic.com,294274,index-health,linkedin,indexclinic.com site:linkedin.com/company
scienture.com,176795,scienture-inc,linkedin,scienture.com site:linkedin.com/company
makaanshop.com,177172,makaanshop,linkedin,makaanshop.com site:linkedin.com/company
avesha.io,177782,avesha,linkedin,avesha.io site:linkedin.com/company
wombo.ai,205841,wombo-ai,linkedin,wombo.ai site:linkedin.com/company
datajoy.com,188867,datajoy-inc,linkedin,datajoy.com site:linkedin.com/company
posture360.com,186031,postureai,linkedin,posture360.com site:linkedin.com/company
andomoney.com,208897,ando-inc,linkedin,andomoney.com site:linkedin.com/company
commit.dev,210315,commitdev,linkedin,commit.dev site:linkedin.com/company
masterdelivery.ru,255755,master-delivery,linkedin,masterdelivery.ru site:linkedin.com/company
refract.gg,284526,refract-technologies,linkedin,refract.gg site:linkedin.com/company
umamicart.com,194976,umamicart,linkedin,umamicart.com site:linkedin.com/company
palamedrix.com,205278,palamedrix,linkedin,palamedrix.com site:linkedin.com/company
tworobbers.com,203317,two-robbers,linkedin,tworobbers.com site:linkedin.com/company
spartacommodities.com,282274,sparta-commodities,linkedin,spartacommodities.com site:linkedin.com/company
bankuish.com,211299,bankuish,linkedin,bankuish.com site:linkedin.com/company
udhaar.pk,192326,udhaarpk,linkedin,udhaar.pk site:linkedin.com/company
peech-ai.com,207278,peechai,linkedin,peech-ai.com site:linkedin.com/company
devocean.security,307850,devocean-security,linkedin,devocean.security site:linkedin.com/company
mishaskindfoods.com,207384,misha-s-kind-foods,linkedin,mishaskindfoods.com site:linkedin.com/company
inspace.chat,197357,inspace-proximity,linkedin,inspace.chat site:linkedin.com/company
artblocks.io,251597,art-blocks-inc,linkedin,artblocks.io site:linkedin.com/company
evenflowbrands.com,209278,evenflow-brands,linkedin,evenflowbrands.com site:linkedin.com/company
poggiolabs.com,230293,poggio-labs,linkedin,poggiolabs.com site:linkedin.com/company
rehabpulse.com,200529,rehabpulse,linkedin,rehabpulse.com site:linkedin.com/company
ligaturetx.com,409888,ligature-therapeutics,linkedin,ligaturetx.com site:linkedin.com/company
quakemedia.com,198140,quake-media-podcast-network,linkedin,quakemedia.com site:linkedin.com/company
ennoventure.com,222331,ennoventure,linkedin,ennoventure.com site:linkedin.com/company
packdigital.com,302196,pack-digital-us,linkedin,packdigital.com site:linkedin.com/company
allinfra.com,225982,all-infra,linkedin,allinfra.com site:linkedin.com/company
benqi.fi,213274,benqi,linkedin,benqi.fi site:linkedin.com/company
mycointainer.com,285049,mycointainer,linkedin,mycointainer.com site:linkedin.com/company
capablehealth.com,241093,capable-health,linkedin,capablehealth.com site:linkedin.com/company
intuneauto.com,304399,intune-auto,linkedin,intuneauto.com site:linkedin.com/company
technicorum.com,280353,technicorum-holdings,linkedin,technicorum.com site:linkedin.com/company
futora.com,251851,futora,linkedin,futora.com site:linkedin.com/company
shara.co,211208,shara-inc,linkedin,shara.co site:linkedin.com/company
stathero.com,277871,stathero-inc,linkedin,stathero.com site:linkedin.com/company
zion.fyi,359399,zionfyi,linkedin,zion.fyi site:linkedin.com/company
surrealdb.com,356304,surrealdb,linkedin,surrealdb.com site:linkedin.com/company
arcspan.com,285582,arcspan,linkedin,arcspan.com site:linkedin.com/company
humanityhealth.net,338552,humanity-health,linkedin,humanityhealth.net site:linkedin.com/company
succeedsmart.com,302348,succeedsmart,linkedin,succeedsmart.com site:linkedin.com/company
revenuebase.ai,274728,revenue-base,linkedin,revenuebase.ai site:linkedin.com/company
courted.io,194888,courtedrealestate,linkedin,courted.io site:linkedin.com/company
vibra.one,277237,vibraafrica,linkedin,vibra.one site:linkedin.com/company
magnify.io,251837,magnifytech,linkedin,magnify.io site:linkedin.com/company
cellevolve.com,262829,cellevolve,linkedin,cellevolve.com site:linkedin.com/company
quilocloud.com,281351,quiloit,linkedin,quilocloud.com site:linkedin.com/company
keiferx.com,274914,keiferx,linkedin,keiferx.com site:linkedin.com/company
3evi.com,262989,3evi,linkedin,3evi.com site:linkedin.com/company
holaplex.com,274614,holaplex,linkedin,holaplex.com site:linkedin.com/company
vzense.com,274959,vzense,linkedin,vzense.com site:linkedin.com/company
castiron.me,282100,castiron,linkedin,castiron.me site:linkedin.com/company
atmosec.com,275906,atmosec,linkedin,atmosec.com site:linkedin.com/company
dynastystudios.io,277529,dynasty-studios,linkedin,dynastystudios.io site:linkedin.com/company
mivest.io,230467,mivest,linkedin,mivest.io site:linkedin.com/company
galvanick.com,282397,galvanick,linkedin,galvanick.com site:linkedin.com/company
cariboumed.com,367256,caribou-med,linkedin,cariboumed.com site:linkedin.com/company
cortinaplatform.com,227092,cortinaplatform,linkedin,cortinaplatform.com site:linkedin.com/company
pinestreetlabs.com,320470,pine-street-labs,linkedin,pinestreetlabs.com site:linkedin.com/company
fastbreaklabs.com,293719,fast-break-labs,linkedin,fastbreaklabs.com site:linkedin.com/company
cesium.com,61714,14549949,glassdoor,cesium.com site:glassdoor.com/Overview
sequencing.com,116565,21175390,glassdoor,sequencing.com site:glassdoor.com/Overview
tractioncomplete.com,349080,20488224,glassdoor,tractioncomplete.com site:glassdoor.com/Overview
fourpost.com,30357,1808996,glassdoor,fourpost.com site:glassdoor.com/Overview
stockviva.com,256456,21615522,glassdoor,stockviva.com site:glassdoor.com/Overview
hospals.com,78233,16136489,glassdoor,hospals.com site:glassdoor.com/Overview
hypergiant.com,51748,2213027,glassdoor,hypergiant.com site:glassdoor.com/Overview
delta.exchange,136264,11797098,glassdoor,delta.exchange site:glassdoor.com/Overview
brokerxapp.com,306076,19146270,glassdoor,brokerxapp.com site:glassdoor.com/Overview
statrys.com,169761,12958793,glassdoor,statrys.com site:glassdoor.com/Overview
ballebaazi.com,31599,1809370,glassdoor,ballebaazi.com site:glassdoor.com/Overview
joshin.com,141565,15051801,glassdoor,joshin.com site:glassdoor.com/Overview
natalist.com,105406,17724712,glassdoor,natalist.com site:glassdoor.com/Overview
erinapp.com,357874,21315835,glassdoor,erinapp.com site:glassdoor.com/Overview
roborigger.com.au,125143,19984204,glassdoor,roborigger.com.au site:glassdoor.com/Overview
flickplay.co,128031,11014391,glassdoor,flickplay.co site:glassdoor.com/Overview
kindevadd.com,332129,19985193,glassdoor,kindevadd.com site:glassdoor.com/Overview
greenscreens.ai,152605,16708752,glassdoor,greenscreens.ai site:glassdoor.com/Overview
fastic.com,167211,12805149,glassdoor,fastic.com site:glassdoor.com/Overview
brickbio.com,137431,11797618,glassdoor,brickbio.com site:glassdoor.com/Overview
esportslab.gg,150550,18135702,glassdoor,esportslab.gg site:glassdoor.com/Overview
dtonomy.com,158248,12736610,glassdoor,dtonomy.com site:glassdoor.com/Overview
topia.io,169790,13147010,glassdoor,topia.io site:glassdoor.com/Overview
adgile.co,280780,21611333,glassdoor,adgile.co site:glassdoor.com/Overview
lavle.com,171716,13023086,glassdoor,lavle.com site:glassdoor.com/Overview
bettr.co.in,172398,16423166,glassdoor,bettr.co.in site:glassdoor.com/Overview
andelynbio.com,247801,16917119,glassdoor,andelynbio.com site:glassdoor.com/Overview
autozen.com,196538,14551409,glassdoor,autozen.com site:glassdoor.com/Overview
calmerry.com,203091,16236531,glassdoor,calmerry.com site:glassdoor.com/Overview
sprightly.health,185189,17138980,glassdoor,sprightly.health site:glassdoor.com/Overview
mcionehealth.com,336694,20622957,glassdoor,mcionehealth.com site:glassdoor.com/Overview
forestcarbonworks.org,185897,19033839,glassdoor,forestcarbonworks.org site:glassdoor.com/Overview
neivor.com,186898,18476847,glassdoor,neivor.com site:glassdoor.com/Overview
appliedxl.com,202861,16136921,glassdoor,appliedxl.com site:glassdoor.com/Overview
capshift.com,234056,16423803,glassdoor,capshift.com site:glassdoor.com/Overview
leune.co,202431,17138773,glassdoor,leune.co site:glassdoor.com/Overview
zionexa.com,198135,14552274,glassdoor,zionexa.com site:glassdoor.com/Overview
floragrowth.com,336815,20231255,glassdoor,floragrowth.com site:glassdoor.com/Overview
dassana.io,182841,15881435,glassdoor,dassana.io site:glassdoor.com/Overview
imbee.io,218218,15624164,glassdoor,imbee.io site:glassdoor.com/Overview
rightrev.com,257041,20756902,glassdoor,rightrev.com site:glassdoor.com/Overview
superetteshop.com,248749,16917941,glassdoor,superetteshop.com site:glassdoor.com/Overview
mytuitionapp.com,227592,16054531,glassdoor,mytuitionapp.com site:glassdoor.com/Overview
nawy.com,227547,21173276,glassdoor,nawy.com site:glassdoor.com/Overview
encode.club,321027,19627143,glassdoor,encode.club site:glassdoor.com/Overview
21kschool.com,259118,18698389,glassdoor,21kschool.com site:glassdoor.com/Overview
tarken.ag,284736,18806463,glassdoor,tarken.ag site:glassdoor.com/Overview
urbyo.com,216058,21028986,glassdoor,urbyo.com site:glassdoor.com/Overview
doingud.com,223693,15880508,glassdoor,doingud.com site:glassdoor.com/Overview
spacenextdoor.com,273534,18028303,glassdoor,spacenextdoor.com site:glassdoor.com/Overview
agrotoken.io,331986,21173266,glassdoor,agrotoken.io site:glassdoor.com/Overview
tempr.ai,309409,21612338,glassdoor,tempr.ai site:glassdoor.com/Overview
heat.io,209367,15298610,glassdoor,heat.io site:glassdoor.com/Overview
heynude.com.br,285276,19147974,glassdoor,heynude.com.br site:glassdoor.com/Overview
getzlinq.com,394596,21175846,glassdoor,getzlinq.com site:glassdoor.com/Overview
atma.co.id,317185,21763532,glassdoor,atma.co.id site:glassdoor.com/Overview
daolens.com,314533,21459319,glassdoor,daolens.com site:glassdoor.com/Overview
oops.io,341355,20234352,glassdoor,oops.io site:glassdoor.com/Overview
workiasolutions.com,390261,21172802,glassdoor,workiasolutions.com site:glassdoor.com/Overview
mindfulagency.com,425662,21612780,glassdoor,mindfulagency.com site:glassdoor.com/Overview
harvey.ai,378578,21178653,glassdoor,harvey.ai site:glassdoor.com/Overview
opendialog.ai,322957,21615722,glassdoor,opendialog.ai site:glassdoor.com/Overview
kzas.ai,95270,5078429,glassdoor,kzas.ai site:glassdoor.com/Overview
bidnamic.com,122311,10078911,glassdoor,bidnamic.com site:glassdoor.com/Overview
riskcovry.com,135808,11675280,glassdoor,riskcovry.com site:glassdoor.com/Overview
easytip.net,395676,21176995,glassdoor,easytip.net site:glassdoor.com/Overview
usengineeredwood.com,410311,21459073,glassdoor,usengineeredwood.com site:glassdoor.com/Overview
aive.com,95168,4968713,glassdoor,aive.com site:glassdoor.com/Overview
epistemix.com,255628,17327826,glassdoor,epistemix.com site:glassdoor.com/Overview
monstersaliensrobotszombies.com,273434,17923846,glassdoor,monstersaliensrobotszombies.com site:glassdoor.com/Overview
proxify.io,306788,19146441,glassdoor,proxify.io site:glassdoor.com/Overview
voltaire.bike,412016,21460351,glassdoor,voltaire.bike site:glassdoor.com/Overview
stayhvn.com,285932,18371652,glassdoor,stayhvn.com site:glassdoor.com/Overview
manatal.com,163176,13084268,glassdoor,manatal.com site:glassdoor.com/Overview
sovasage.com,185680,20756911,glassdoor,sovasage.com site:glassdoor.com/Overview
pienza.com,174467,16236718,glassdoor,pienza.com site:glassdoor.com/Overview
livelyroot.com,194707,14390278,glassdoor,livelyroot.com site:glassdoor.com/Overview
caristo.com,84320,14045988,glassdoor,caristo.com site:glassdoor.com/Overview
alidabio.com,219595,20487863,glassdoor,alidabio.com site:glassdoor.com/Overview
rumina.com.br,311380,19395753,glassdoor,rumina.com.br site:glassdoor.com/Overview
gatchealth.com,241906,21614118,glassdoor,gatchealth.com site:glassdoor.com/Overview
productwind.com,251313,20360700,glassdoor,productwind.com site:glassdoor.com/Overview
hellosaks.com,284883,18371121,glassdoor,hellosaks.com site:glassdoor.com/Overview
northflank.com,52023,15624086,glassdoor,northflank.com site:glassdoor.com/Overview
myangelhost.com,234423,16519699,glassdoor,myangelhost.com site:glassdoor.com/Overview
occuity.com,168923,18805804,glassdoor,occuity.com site:glassdoor.com/Overview
eye-checkup.com,190567,21466584,glassdoor,eye-checkup.com site:glassdoor.com/Overview
insurancesamadhan.com,129193,17523251,glassdoor,insurancesamadhan.com site:glassdoor.com/Overview
kalogon.com,365952,21613158,glassdoor,kalogon.com site:glassdoor.com/Overview
reekon.tools,419515,21465825,glassdoor,reekon.tools site:glassdoor.com/Overview
idrip.coffee,85443,20107871,glassdoor,idrip.coffee site:glassdoor.com/Overview
atta.ai,113908,7672599,glassdoor,atta.ai site:glassdoor.com/Overview
biacontrols.com,325884,19863725,glassdoor,biacontrols.com site:glassdoor.com/Overview
ridezygg.com,150439,12543855,glassdoor,ridezygg.com site:glassdoor.com/Overview
dove.it,358880,20752595,glassdoor,dove.it site:glassdoor.com/Overview
cureosity.de,113456,17623126,glassdoor,cureosity.de site:glassdoor.com/Overview
sellgauge.com,256971,17328933,glassdoor,sellgauge.com site:glassdoor.com/Overview
dyaniahealth.com,291940,21314688,glassdoor,dyaniahealth.com site:glassdoor.com/Overview
unisieve.com,169216,21613385,glassdoor,unisieve.com site:glassdoor.com/Overview
vertuoza.com,221870,19035747,glassdoor,vertuoza.com site:glassdoor.com/Overview
simplr.io,226427,15962753,glassdoor,simplr.io site:glassdoor.com/Overview
driftextracts.com,172005,19146798,glassdoor,driftextracts.com site:glassdoor.com/Overview
sifted.eu,114811,16329073,glassdoor,sifted.eu site:glassdoor.com/Overview
banksathi.com,205282,15050750,glassdoor,banksathi.com site:glassdoor.com/Overview
okkohealth.com,125464,17138491,glassdoor,okkohealth.com site:glassdoor.com/Overview
electricplayhouse.com,119787,8324133,glassdoor,electricplayhouse.com site:glassdoor.com/Overview
edgehogtech.com,91468,4848819,glassdoor,edgehogtech.com site:glassdoor.com/Overview
ruptok.com,183016,15963246,glassdoor,ruptok.com site:glassdoor.com/Overview
iterative.ly,134810,11616318,glassdoor,iterative.ly site:glassdoor.com/Overview
eatcasper.com,309528,19394560,glassdoor,eatcasper.com site:glassdoor.com/Overview
sparkle.ng,252368,17138308,glassdoor,sparkle.ng site:glassdoor.com/Overview
thecoffee.jp,138030,11798273,glassdoor,thecoffee.jp site:glassdoor.com/Overview
headinghealth.com,188692,20488013,glassdoor,headinghealth.com site:glassdoor.com/Overview
aipalette.com,84047,18136024,glassdoor,aipalette.com site:glassdoor.com/Overview
measurable.energy,412143,21460789,glassdoor,measurable.energy site:glassdoor.com/Overview
myndup.com,305480,21613117,glassdoor,myndup.com site:glassdoor.com/Overview
buildblock.io,143383,12163710,glassdoor,buildblock.io site:glassdoor.com/Overview
promusicrights.com,122071,10033525,glassdoor,promusicrights.com site:glassdoor.com/Overview
glambou.com,422012,21467656,glassdoor,glambou.com site:glassdoor.com/Overview
authordigital.com,131116,16916397,glassdoor,authordigital.com site:glassdoor.com/Overview
defy.club,262738,21466010,glassdoor,defy.club site:glassdoor.com/Overview
logrock.com,308657,21028130,glassdoor,logrock.com site:glassdoor.com/Overview
angelink.com,337983,20231202,glassdoor,angelink.com site:glassdoor.com/Overview
muddymachines.com,204840,15050245,glassdoor,muddymachines.com site:glassdoor.com/Overview
sourcewiz.co,255293,19033914,glassdoor,sourcewiz.co site:glassdoor.com/Overview
natif.ai,158324,17721959,glassdoor,natif.ai site:glassdoor.com/Overview
gowithflow.io,147238,18370570,glassdoor,gowithflow.io site:glassdoor.com/Overview
olvin.com,196841,14551518,glassdoor,olvin.com site:glassdoor.com/Overview
athena-security.com,52179,2389226,glassdoor,athena-security.com site:glassdoor.com/Overview
bods.me,305303,21613232,glassdoor,bods.me site:glassdoor.com/Overview
factoredquality.com,274392,21316698,glassdoor,factoredquality.com site:glassdoor.com/Overview
vitrayatech.com,232293,16236363,glassdoor,vitrayatech.com site:glassdoor.com/Overview
duckcamp.com,334830,19988142,glassdoor,duckcamp.com site:glassdoor.com/Overview
zaiko.io,128077,11014398,glassdoor,zaiko.io site:glassdoor.com/Overview
vettons.com,252612,17138836,glassdoor,vettons.com site:glassdoor.com/Overview
disastertech.com,144185,12223233,glassdoor,disastertech.com site:glassdoor.com/Overview
hamsapay.com,168052,14046458,glassdoor,hamsapay.com site:glassdoor.com/Overview
awarehc.com,203619,16136474,glassdoor,awarehc.com site:glassdoor.com/Overview
veganofoods.com,186928,19988390,glassdoor,veganofoods.com site:glassdoor.com/Overview
eliqs.com,348398,20487730,glassdoor,eliqs.com site:glassdoor.com/Overview
nostos-genomics.com,126905,19983826,glassdoor,nostos-genomics.com site:glassdoor.com/Overview
okapiorbits.space,327971,19982630,glassdoor,okapiorbits.space site:glassdoor.com/Overview
buyerassist.io,202198,14881917,glassdoor,buyerassist.io site:glassdoor.com/Overview
dockethq.com,121364,13615417,glassdoor,dockethq.com site:glassdoor.com/Overview
drinkvolley.com,215684,15619965,glassdoor,drinkvolley.com site:glassdoor.com/Overview
relxtech.com,25706,20106716,glassdoor,relxtech.com site:glassdoor.com/Overview
microcaps.ch,111520,19036215,glassdoor,microcaps.ch site:glassdoor.com/Overview
vespertool.com,247373,17233576,glassdoor,vespertool.com site:glassdoor.com/Overview
yourtravis.com,95026,17524570,glassdoor,yourtravis.com site:glassdoor.com/Overview
stage11.com,252226,17138239,glassdoor,stage11.com site:glassdoor.com/Overview
goamify.com,28115,1808147,glassdoor,goamify.com site:glassdoor.com/Overview
certificial.com,210016,19623884,glassdoor,certificial.com site:glassdoor.com/Overview
gifthealth.com,197116,15962773,glassdoor,gifthealth.com site:glassdoor.com/Overview
sloomooinstitute.com,364058,20755725,glassdoor,sloomooinstitute.com site:glassdoor.com/Overview
1911gold.com,274908,18029664,glassdoor,1911gold.com site:glassdoor.com/Overview
mintus.com,276028,21026723,glassdoor,mintus.com site:glassdoor.com/Overview
zaxapp.com.br,136019,11739154,glassdoor,zaxapp.com.br site:glassdoor.com/Overview
cecilianpartners.com,165086,21614492,glassdoor,cecilianpartners.com site:glassdoor.com/Overview
ride.capital,149234,12481184,glassdoor,ride.capital site:glassdoor.com/Overview
emotorad.com,285682,18371586,glassdoor,emotorad.com site:glassdoor.com/Overview
swoopin.green,191958,14216074,glassdoor,swoopin.green site:glassdoor.com/Overview
bringoo.de,176606,13549591,glassdoor,bringoo.de site:glassdoor.com/Overview
radiclescience.com,226569,15962845,glassdoor,radiclescience.com site:glassdoor.com/Overview
jot.co,260799,17622591,glassdoor,jot.co site:glassdoor.com/Overview
databased.com,234200,16423965,glassdoor,databased.com site:glassdoor.com/Overview
feedback.earth,310406,19394986,glassdoor,feedback.earth site:glassdoor.com/Overview
help.com,56880,2632834,glassdoor,help.com site:glassdoor.com/Overview
thehousemonk.com,124731,10671124,glassdoor,thehousemonk.com site:glassdoor.com/Overview
readyassist.in,178055,13687181,glassdoor,readyassist.in site:glassdoor.com/Overview
soos.io,285107,18371174,glassdoor,soos.io site:glassdoor.com/Overview
element3health.com,200145,14554152,glassdoor,element3health.com site:glassdoor.com/Overview
scoo.mobi,83480,4282695,glassdoor,scoo.mobi site:glassdoor.com/Overview
meetsanctuary.com,120017,15540001,glassdoor,meetsanctuary.com site:glassdoor.com/Overview
livefurnish.com,95161,18370602,glassdoor,livefurnish.com site:glassdoor.com/Overview
verikai.com,140808,12033789,glassdoor,verikai.com site:glassdoor.com/Overview
vertosa.com,119872,18136407,glassdoor,vertosa.com site:glassdoor.com/Overview
uniacco.com,120905,9446556,glassdoor,uniacco.com site:glassdoor.com/Overview
oolo.io,126770,21027401,glassdoor,oolo.io site:glassdoor.com/Overview
multiliving.co.in,127889,16137057,glassdoor,multiliving.co.in site:glassdoor.com/Overview
reperiohealth.com,189307,15051445,glassdoor,reperiohealth.com site:glassdoor.com/Overview
myair.ai,207627,15052144,glassdoor,myair.ai site:glassdoor.com/Overview
actonmedia.com,135689,17138324,glassdoor,actonmedia.com site:glassdoor.com/Overview
datajoy.com,188867,15050915,glassdoor,datajoy.com site:glassdoor.com/Overview
refract.gg,284526,18370947,glassdoor,refract.gg site:glassdoor.com/Overview
inspace.chat,197357,15052095,glassdoor,inspace.chat site:glassdoor.com/Overview
evenflowbrands.com,209278,16919425,glassdoor,evenflowbrands.com site:glassdoor.com/Overview
ennoventure.com,222331,16423977,glassdoor,ennoventure.com site:glassdoor.com/Overview
mycointainer.com,285049,20487690,glassdoor,mycointainer.com site:glassdoor.com/Overview
humanityhealth.net,338552,21459431,glassdoor,humanityhealth.net site:glassdoor.com/Overview
squared.ai,333712,20230762,glassdoor,squared.ai site:glassdoor.com/Overview
myrevea.com,310447,21613567,glassdoor,myrevea.com site:glassdoor.com/Overview
digitra.com,321369,21172749,glassdoor,digitra.com site:glassdoor.com/Overview
myamy.io,307935,21033133,glassdoor,myamy.io site:glassdoor.com/Overview
warrenjames.org,335574,19988724,glassdoor,warrenjames.org site:glassdoor.com/Overview
qargo.io,202091,21028079,glassdoor,qargo.io site:glassdoor.com/Overview
synmax.com,392971,21174488,glassdoor,synmax.com site:glassdoor.com/Overview
wearoptimo.com,392745,21174175,glassdoor,wearoptimo.com site:glassdoor.com/Overview
measureprotocol.com,121254,15458713,glassdoor,measureprotocol.com site:glassdoor.com/Overview
obat.fr,311458,21179650,glassdoor,obat.fr site:glassdoor.com/Overview
