domain,company_id,entity_id,entity,google_query
cesium.com,61714,cesium-gs,linkedin,cesium.com site:linkedin.com/company
sequencing.com,116565,sequencing-com,linkedin,sequencing.com site:linkedin.com/company
mobiline.com,274885,mobilineapps,linkedin,mobiline.com site:linkedin.com/company
xelix.com,16600,xelix.,linkedin,xelix.com site:linkedin.com/company
tractioncomplete.com,349080,traction-complete,linkedin,tractioncomplete.com site:linkedin.com/company
path.net,31726,pathnetwork,linkedin,path.net site:linkedin.com/company
oncoustics.com,339922,oncoustics,linkedin,oncoustics.com site:linkedin.com/company
paymentclub.com,54630,payment-club,linkedin,paymentclub.com site:linkedin.com/company
useanvil.com,16429,anvil-foundry,linkedin,useanvil.com site:linkedin.com/company
machix.com,169030,machi-x,linkedin,machix.com site:linkedin.com/company
fourpost.com,30357,fourpost,linkedin,fourpost.com site:linkedin.com/company
stockviva.com,256456,stockviva,linkedin,stockviva.com site:linkedin.com/company
hospals.com,78233,hospals,linkedin,hospals.com site:linkedin.com/company
hypergiant.com,51748,,linkedin,hypergiant.com site:linkedin.com/company
sizzle.gg,186745,sizzle-highlights,linkedin,sizzle.gg site:linkedin.com/company
delta.exchange,136264,delta-exchange,linkedin,delta.exchange site:linkedin.com/company
brokerxapp.com,306076,brokerx,linkedin,brokerxapp.com site:linkedin.com/company
stex.com,169640,stexexchange,linkedin,stex.com site:linkedin.com/company
singularity.ai,187410,singularity-ai,linkedin,singularity.ai site:linkedin.com/company
carasti.com,197806,carasti,linkedin,carasti.com site:linkedin.com/company
seralabshealth.com,54718,seralabs,linkedin,seralabshealth.com site:linkedin.com/company
lofty.ai,80179,loftyai,linkedin,lofty.ai site:linkedin.com/company
statrys.com,169761,statrys,linkedin,statrys.com site:linkedin.com/company
ballebaazi.com,31599,ballebaazi,linkedin,ballebaazi.com site:linkedin.com/company
wowbid.live,40347,wowbid,linkedin,wowbid.live site:linkedin.com/company
cyberfortress.com,96873,cyberfortress,linkedin,cyberfortress.com site:linkedin.com/company
joshin.com,141565,joshincare,linkedin,joshin.com site:linkedin.com/company
upswinghealth.com,182686,upswinghealth,linkedin,upswinghealth.com site:linkedin.com/company
tracedata.io,38329,tracedata,linkedin,tracedata.io site:linkedin.com/company
icofy.io,60409,tokenrichnetwork,linkedin,icofy.io site:linkedin.com/company
beaconedu.com,60805,beacon-education,linkedin,beaconedu.com site:linkedin.com/company
byteboard.dev,133972,byteboard,linkedin,byteboard.dev site:linkedin.com/company
itc-israel.co.il,134929,itc-city,linkedin,itc-israel.co.il site:linkedin.com/company
internal.io,80158,internal,linkedin,internal.io site:linkedin.com/company
byministry.com,80368,byministry,linkedin,byministry.com site:linkedin.com/company
rightfoot.com,83984,therightfoot,linkedin,rightfoot.com site:linkedin.com/company
chargefuze.com,257462,chargefuze,linkedin,chargefuze.com site:linkedin.com/company
trumans.com,43839,trumancleans,linkedin,trumans.com site:linkedin.com/company
natalist.com,105406,natalistco,linkedin,natalist.com site:linkedin.com/company
finityx.com,209048,finityx-ltd,linkedin,finityx.com site:linkedin.com/company
1beat.com,287443,1beat,linkedin,1beat.com site:linkedin.com/company
algoretail.co.il,275092,algoretail,linkedin,algoretail.co.il site:linkedin.com/company
hkdt.org,111628,bitizenwallet,linkedin,hkdt.org site:linkedin.com/company
erinapp.com,357874,erinapp,linkedin,erinapp.com site:linkedin.com/company
growth.us,114005,growthevent,linkedin,growth.us site:linkedin.com/company
opster.com,299814,opster,linkedin,opster.com site:linkedin.com/company
snoonu.com,213123,snoonu-qatar,linkedin,snoonu.com site:linkedin.com/company
actualhq.com,114621,actualhq,linkedin,actualhq.com site:linkedin.com/company
sreekhadritechnologies.in,124223,sreekhadritechnologies,linkedin,sreekhadritechnologies.in site:linkedin.com/company
ringmastertech.com,121729,ringmaster-technologies-inc,linkedin,ringmastertech.com site:linkedin.com/company
mediaplayers.tech,123114,media-players,linkedin,mediaplayers.tech site:linkedin.com/company
endoronmedical.com,275908,endoronmedical,linkedin,endoronmedical.com site:linkedin.com/company
roborigger.com.au,125143,roborigger,linkedin,roborigger.com.au site:linkedin.com/company
prismpop.com,126204,prismpop,linkedin,prismpop.com site:linkedin.com/company
icoverinsure.com,241031,icover-insure,linkedin,icoverinsure.com site:linkedin.com/company
flickplay.co,128031,flickplay,linkedin,flickplay.co site:linkedin.com/company
paylode.com,196060,paylode-inc,linkedin,paylode.com site:linkedin.com/company
bamfhealth.com,130403,bamf-health,linkedin,bamfhealth.com site:linkedin.com/company
easyeat.ai,130768,easyeatai,linkedin,easyeat.ai site:linkedin.com/company
corsight.ai,130947,corsight,linkedin,corsight.ai site:linkedin.com/company
kindevadd.com,332129,kindeva-drug-delivery,linkedin,kindevadd.com site:linkedin.com/company
presidioidentity.com,141176,presidio-identity,linkedin,presidioidentity.com site:linkedin.com/company
greenscreens.ai,152605,greenscreensai,linkedin,greenscreens.ai site:linkedin.com/company
fastic.com,167211,fastic,linkedin,fastic.com site:linkedin.com/company
brickbio.com,137431,brickbio,linkedin,brickbio.com site:linkedin.com/company
octopus.co.id,280764,octopus-ina,linkedin,octopus.co.id site:linkedin.com/company
boomnation.com,344516,boomnation,linkedin,boomnation.com site:linkedin.com/company
iconicair.io,307253,iconic-air1,linkedin,iconicair.io site:linkedin.com/company
candidatelabs.com,140060,candidate-labs,linkedin,candidatelabs.com site:linkedin.com/company
zmbizi.com,180201,zmbizi,linkedin,zmbizi.com site:linkedin.com/company
esportslab.gg,150550,esportslabgg,linkedin,esportslab.gg site:linkedin.com/company
geologie.com,143316,geologieskin,linkedin,geologie.com site:linkedin.com/company
palmhr.net,143752,palmhr,linkedin,palmhr.net site:linkedin.com/company
familybusinessfund.com,251355,family-business-fund,linkedin,familybusinessfund.com site:linkedin.com/company
revero.com,296815,revero,linkedin,revero.com site:linkedin.com/company
candidate.co,138415,candidate,linkedin,candidate.co site:linkedin.com/company
trellushealth.com,148624,trellushealth,linkedin,trellushealth.com site:linkedin.com/company
joincheckmate.com,182604,checkmate-savings,linkedin,joincheckmate.com site:linkedin.com/company
playv.co,326111,playv,linkedin,playv.co site:linkedin.com/company
dtonomy.com,158248,dtonomy,linkedin,dtonomy.com site:linkedin.com/company
wert.io,283588,sha2,linkedin,wert.io site:linkedin.com/company
cleanlight.cl,189085,clean-light-cl,linkedin,cleanlight.cl site:linkedin.com/company
cozy.co.uk,168742,cozyshopuk,linkedin,cozy.co.uk site:linkedin.com/company
topia.io,169790,topia-io,linkedin,topia.io site:linkedin.com/company
momentum.io,171389,momentum-labs,linkedin,momentum.io site:linkedin.com/company
adgile.co,280780,adgile-media-group,linkedin,adgile.co site:linkedin.com/company
lavle.com,171716,lavle,linkedin,lavle.com site:linkedin.com/company
sifter.shop,205331,sifter-sp-inc,linkedin,sifter.shop site:linkedin.com/company
bettr.co.in,172398,bettr-india,linkedin,bettr.co.in site:linkedin.com/company
fenix.life,173023,fenixmena,linkedin,fenix.life site:linkedin.com/company
telcodr.com,172951,telcodr,linkedin,telcodr.com site:linkedin.com/company
hellogenius.com,174133,hello-genius-company,linkedin,hellogenius.com site:linkedin.com/company
returnmates.com,188958,returnmates,linkedin,returnmates.com site:linkedin.com/company
thenanoshield.com,174402,nanotechfireproofing,linkedin,thenanoshield.com site:linkedin.com/company
eatpropergood.com,177066,eatpropergood,linkedin,eatpropergood.com site:linkedin.com/company
andelynbio.com,247801,andelyn-biosciences,linkedin,andelynbio.com site:linkedin.com/company
autozen.com,196538,autozenhq,linkedin,autozen.com site:linkedin.com/company
calmerry.com,203091,calmerry,linkedin,calmerry.com site:linkedin.com/company
guardinex.com,262012,guardinex-inc,linkedin,guardinex.com site:linkedin.com/company
sprightly.health,185189,sprightlyhealth,linkedin,sprightly.health site:linkedin.com/company
mcionehealth.com,336694,mci-onehealth-technologies-inc,linkedin,mcionehealth.com site:linkedin.com/company
forestcarbonworks.org,185897,forest-carbon-works,linkedin,forestcarbonworks.org site:linkedin.com/company
neivor.com,186898,neivorlatam,linkedin,neivor.com site:linkedin.com/company
mperativ.io,223524,mperativ,linkedin,mperativ.io site:linkedin.com/company
dfx.finance,188761,dfxfinance,linkedin,dfx.finance site:linkedin.com/company
appliedxl.com,202861,appliedxl,linkedin,appliedxl.com site:linkedin.com/company
pontuswaterlentils.com,257315,pontuswaterlentils,linkedin,pontuswaterlentils.com site:linkedin.com/company
illuvium.io,191605,illuvium-io,linkedin,illuvium.io site:linkedin.com/company
herasoft.com,191581,hera-software-development,linkedin,herasoft.com site:linkedin.com/company
xspherabio.com,246455,xsphera-biosciences,linkedin,xspherabio.com site:linkedin.com/company
arrive.io,193287,investwithhere,linkedin,arrive.io site:linkedin.com/company
capshift.com,234056,capshift,linkedin,capshift.com site:linkedin.com/company
aiver.ai,264710,aiver-analytics,linkedin,aiver.ai site:linkedin.com/company
konomi.network,193110,konomi-network,linkedin,konomi.network site:linkedin.com/company
assemble.inc,147943,assemble-technology,linkedin,assemble.inc site:linkedin.com/company
earlybirdeducation.com,286424,earlybird-education,linkedin,earlybirdeducation.com site:linkedin.com/company
morphoenergy.com,359439,morphoenergy,linkedin,morphoenergy.com site:linkedin.com/company
markerr.com,212404,markerr,linkedin,markerr.com site:linkedin.com/company
enso.finance,202184,enso-labs-ag,linkedin,enso.finance site:linkedin.com/company
leune.co,202431,leune,linkedin,leune.co site:linkedin.com/company
plotx.io,243620,plotx,linkedin,plotx.io site:linkedin.com/company
melville.ai,251436,melville-journeys,linkedin,melville.ai site:linkedin.com/company
zionexa.com,198135,zionexa,linkedin,zionexa.com site:linkedin.com/company
floragrowth.com,336815,floragrowthcorp,linkedin,floragrowth.com site:linkedin.com/company
compwellco.com,205168,compwell,linkedin,compwellco.com site:linkedin.com/company
meme.com,207541,memecom,linkedin,meme.com site:linkedin.com/company
noice.com,195220,noice-inc,linkedin,noice.com site:linkedin.com/company
lith.finance,208769,lithiumfinance,linkedin,lith.finance site:linkedin.com/company
dataland.ai,238360,dataland-br,linkedin,dataland.ai site:linkedin.com/company
autofarm.network,361095,autofarm-network,linkedin,autofarm.network site:linkedin.com/company
getbatch.com,207343,getbatch,linkedin,getbatch.com site:linkedin.com/company
imbee.io,218218,imbee,linkedin,imbee.io site:linkedin.com/company
getairspeed.com,219627,airspeed,linkedin,getairspeed.com site:linkedin.com/company
hiresuper.com,252580,hiresuper,linkedin,hiresuper.com site:linkedin.com/company
udc.dental,257223,united-dental-corp,linkedin,udc.dental site:linkedin.com/company
demandwell.com,261846,demandwell,linkedin,demandwell.com site:linkedin.com/company
teamcode-x.com,223452,team-code-x,linkedin,teamcode-x.com site:linkedin.com/company
innohealthts.com,224038,innohealth-technologies,linkedin,innohealthts.com site:linkedin.com/company
evvy.com,211214,evvybio,linkedin,evvy.com site:linkedin.com/company
openscreen.com,394502,openscreen,linkedin,openscreen.com site:linkedin.com/company
pebble.finance,298939,pebble-finance-inc,linkedin,pebble.finance site:linkedin.com/company
bankwithblue.com,226324,bankwithblue,linkedin,bankwithblue.com site:linkedin.com/company
modernintelligence.ai,226926,modern-intelligence,linkedin,modernintelligence.ai site:linkedin.com/company
rightrev.com,257041,rightrev,linkedin,rightrev.com site:linkedin.com/company
superetteshop.com,248749,superette-shop,linkedin,superetteshop.com site:linkedin.com/company
mytuitionapp.com,227592,90-plus-my-tuition-app,linkedin,mytuitionapp.com site:linkedin.com/company
nawy.com,227547,nawyestate,linkedin,nawy.com site:linkedin.com/company
windmillair.com,121039,windmillair,linkedin,windmillair.com site:linkedin.com/company
teller.zone,230726,emergingvision,linkedin,teller.zone site:linkedin.com/company
misalud.ai,233611,misaludhealth,linkedin,misalud.ai site:linkedin.com/company
kanverse.ai,371390,kanverseai,linkedin,kanverse.ai site:linkedin.com/company
fletx.co,234087,fletx,linkedin,fletx.co site:linkedin.com/company
curavitclinicalresearch.com,386927,curavit,linkedin,curavitclinicalresearch.com site:linkedin.com/company
dawul.net,234439,dawul,linkedin,dawul.net site:linkedin.com/company
stxapp.io,240772,stxapp,linkedin,stxapp.io site:linkedin.com/company
rcrdshp.com,241471,let-the-music-pay,linkedin,rcrdshp.com site:linkedin.com/company
redi.health,241703,redi-health,linkedin,redi.health site:linkedin.com/company
framefitness.com,246731,frame-fitness,linkedin,framefitness.com site:linkedin.com/company
prometheusalts.com,246782,prometheusalts,linkedin,prometheusalts.com site:linkedin.com/company
pastel.network,230385,pastel-network,linkedin,pastel.network site:linkedin.com/company
21kschool.com,259118,21kschool,linkedin,21kschool.com site:linkedin.com/company
revvable.com,304218,revvable,linkedin,revvable.com site:linkedin.com/company
laguna.games,247267,lagunagames,linkedin,laguna.games site:linkedin.com/company
metagood.com,331707,metagood,linkedin,metagood.com site:linkedin.com/company
lindushealth.com,238599,lindushealth,linkedin,lindushealth.com site:linkedin.com/company
aiarena.io,256280,ai-arena,linkedin,aiarena.io site:linkedin.com/company
tarken.ag,284736,tarken-ag,linkedin,tarken.ag site:linkedin.com/company
urbyo.com,216058,urbyo,linkedin,urbyo.com site:linkedin.com/company
doingud.com,223693,doingudhq,linkedin,doingud.com site:linkedin.com/company
joinbeni.com,275166,joinbeni,linkedin,joinbeni.com site:linkedin.com/company
paras.id,246902,paras-digital,linkedin,paras.id site:linkedin.com/company
decipad.com,191754,decipad,linkedin,decipad.com site:linkedin.com/company
lifequest.in,261446,lifequest-in,linkedin,lifequest.in site:linkedin.com/company
excerp.com,268096,waywith,linkedin,excerp.com site:linkedin.com/company
zenity.io,262710,zenitysec,linkedin,zenity.io site:linkedin.com/company
bardee.com,262845,bardee,linkedin,bardee.com site:linkedin.com/company
zebralabs.xyz,262943,zebra-labs,linkedin,zebralabs.xyz site:linkedin.com/company
signalrank.co,263007,signalrank,linkedin,signalrank.co site:linkedin.com/company
ceritas.ai,423567,ceritasai,linkedin,ceritas.ai site:linkedin.com/company
metavisa.com,273427,metavisa,linkedin,metavisa.com site:linkedin.com/company
spacenextdoor.com,273534,space-next-door,linkedin,spacenextdoor.com site:linkedin.com/company
nitroleague.com,274872,nitro-league,linkedin,nitroleague.com site:linkedin.com/company
terraformindustries.com,321026,terraformindustries,linkedin,terraformindustries.com site:linkedin.com/company
crescent.app,336194,crescentapp,linkedin,crescent.app site:linkedin.com/company
agrotoken.io,331986,agrotoken,linkedin,agrotoken.io site:linkedin.com/company
qispace.com,393150,qispace,linkedin,qispace.com site:linkedin.com/company
realmsofethernity.com,277197,realmsofeth,linkedin,realmsofethernity.com site:linkedin.com/company
greensparksoftware.com,240884,greenspark-software,linkedin,greensparksoftware.com site:linkedin.com/company
comedi.com.hk,277881,comedihealth,linkedin,comedi.com.hk site:linkedin.com/company
xip.co,275563,xiptech,linkedin,xip.co site:linkedin.com/company
utorg.pro,318087,utorg,linkedin,utorg.pro site:linkedin.com/company
ubiquitousinfluence.com,281929,ubiquitous-influencer-marketing,linkedin,ubiquitousinfluence.com site:linkedin.com/company
drinkgt.com,216307,greaterthandrink,linkedin,drinkgt.com site:linkedin.com/company
tempr.ai,309409,tempr-ai,linkedin,tempr.ai site:linkedin.com/company
heat.io,209367,box-of-heat,linkedin,heat.io site:linkedin.com/company
lostlakegames.com,283734,lost-lake-games,linkedin,lostlakegames.com site:linkedin.com/company
heynude.com.br,285276,nude-plant-based-foods,linkedin,heynude.com.br site:linkedin.com/company
enduringplanet.com,316648,enduring-planet,linkedin,enduringplanet.com site:linkedin.com/company
stepn.com,284433,stepn-by-find-satoshi-lab,linkedin,stepn.com site:linkedin.com/company
mcontent.net,285214,mcontentae,linkedin,mcontent.net site:linkedin.com/company
curios.com,337381,curiosdotcom,linkedin,curios.com site:linkedin.com/company
invact.com,287887,invacthq,linkedin,invact.com site:linkedin.com/company
getaurox.com,287863,auroxofficial,linkedin,getaurox.com site:linkedin.com/company
designpharmaceuticals.com,288060,design-pharmaceuticals-inc,linkedin,designpharmaceuticals.com site:linkedin.com/company
minoanexperience.com,204636,minoan,linkedin,minoanexperience.com site:linkedin.com/company
milezmore.com,294479,milezmore,linkedin,milezmore.com site:linkedin.com/company
bitgreen.org,362560,bitgreen,linkedin,bitgreen.org site:linkedin.com/company
niftyleague.com,295016,niftyleague,linkedin,niftyleague.com site:linkedin.com/company
pulppo.com,296933,pulppo,linkedin,pulppo.com site:linkedin.com/company
inft.co,302092,in-financial-technology-inft,linkedin,inft.co site:linkedin.com/company
blockvision.org,362585,block-vision,linkedin,blockvision.org site:linkedin.com/company
natrabis.com,297946,natrabis,linkedin,natrabis.com site:linkedin.com/company
gomu.co,336264,gomu-co,linkedin,gomu.co site:linkedin.com/company
nikkl.com,396462,nikkl,linkedin,nikkl.com site:linkedin.com/company
emergingexchange.com,301568,emerging-exchange,linkedin,emergingexchange.com site:linkedin.com/company
apono.io,302064,aponoio,linkedin,apono.io site:linkedin.com/company
lifeforce.games,302418,lifeforce-games,linkedin,lifeforce.games site:linkedin.com/company
metaspacechain.com,325588,metaspace-metaverse,linkedin,metaspacechain.com site:linkedin.com/company
dework.xyz,293947,dework,linkedin,dework.xyz site:linkedin.com/company
zklend.com,304124,zklend,linkedin,zklend.com site:linkedin.com/company
wondermind.com,282244,officialwondermind,linkedin,wondermind.com site:linkedin.com/company
getzlinq.com,394596,zlinq,linkedin,getzlinq.com site:linkedin.com/company
augustschools.com,203821,augustschools,linkedin,augustschools.com site:linkedin.com/company
cosecurity.com.br,308038,cosecurity,linkedin,cosecurity.com.br site:linkedin.com/company
paceapp.com,311101,meetpace,linkedin,paceapp.com site:linkedin.com/company
moregrowth.com,343528,we-are-more-growth,linkedin,moregrowth.com site:linkedin.com/company
zocalo.health,261717,zócalo-health,linkedin,zocalo.health site:linkedin.com/company
bellefleurmass.com,309171,belle-fleur-holdings-llc,linkedin,bellefleurmass.com site:linkedin.com/company
lonestarlunar.com,347456,lonestar-data-holdings,linkedin,lonestarlunar.com site:linkedin.com/company
ordinaryfolk.health,309487,ordinaryfolkhealth,linkedin,ordinaryfolk.health site:linkedin.com/company
yo-egg.com,321385,yofoodsinc,linkedin,yo-egg.com site:linkedin.com/company
motosamerica.com,314564,motos-america,linkedin,motosamerica.com site:linkedin.com/company
accsense.io,367375,accsense,linkedin,accsense.io site:linkedin.com/company
atma.co.id,317185,atmaindonesia,linkedin,atma.co.id site:linkedin.com/company
sonr.io,317224,sonr-io,linkedin,sonr.io site:linkedin.com/company
withours.com,318117,ourswellness,linkedin,withours.com site:linkedin.com/company
novi-health.com,391686,novi-health,linkedin,novi-health.com site:linkedin.com/company
nexusphotonics.com,320182,nexusphotonics,linkedin,nexusphotonics.com site:linkedin.com/company
holofootwear.com,384813,holo-footwear,linkedin,holofootwear.com site:linkedin.com/company
venkmanholdings.com,287224,projectvenkman,linkedin,venkmanholdings.com site:linkedin.com/company
joincandor.com,306889,joincandor,linkedin,joincandor.com site:linkedin.com/company
nightfallgroup.com,324364,thenightfallgroup,linkedin,nightfallgroup.com site:linkedin.com/company
triobook.com,417538,triobook-inc,linkedin,triobook.com site:linkedin.com/company
daxsenbank.com,417567,daxsenbank,linkedin,daxsenbank.com site:linkedin.com/company
internet2-0.com,360114,internet-2-0,linkedin,internet2-0.com site:linkedin.com/company
raftt.io,321306,raftt,linkedin,raftt.io site:linkedin.com/company
weatherxm.com,336619,weatherxm,linkedin,weatherxm.com site:linkedin.com/company
daolens.com,314533,daolens,linkedin,daolens.com site:linkedin.com/company
fennel.com,388827,fennelapp,linkedin,fennel.com site:linkedin.com/company
novusearth.ca,329845,novusearth-energy,linkedin,novusearth.ca site:linkedin.com/company
outland.art,330814,outland-art,linkedin,outland.art site:linkedin.com/company
everscale.network,420123,everscale-net,linkedin,everscale.network site:linkedin.com/company
pimly.co,328919,pimlyllc,linkedin,pimly.co site:linkedin.com/company
tanaku.co,275034,tanaku,linkedin,tanaku.co site:linkedin.com/company
rplanetnft.xyz,334473,r-labs-corp,linkedin,rplanetnft.xyz site:linkedin.com/company
ywhales.com,334488,ywhales,linkedin,ywhales.com site:linkedin.com/company
ciphersports.io,337688,ciphersports,linkedin,ciphersports.io site:linkedin.com/company
liquifi.finance,332002,liquifi-finance,linkedin,liquifi.finance site:linkedin.com/company
hotcross.com,340078,hotcrosscom,linkedin,hotcross.com site:linkedin.com/company
oops.io,341355,oops-returns,linkedin,oops.io site:linkedin.com/company
corrixr.com,374727,corrixrtherapeutics,linkedin,corrixr.com site:linkedin.com/company
beaconx.com,343303,beaconx,linkedin,beaconx.com site:linkedin.com/company
dxtherapeutics.com,344842,dxtherapeutics,linkedin,dxtherapeutics.com site:linkedin.com/company
mogoesports.com,379162,mogo-esports-pvt-ltd,linkedin,mogoesports.com site:linkedin.com/company
hyperarc.com,347405,hyperarc,linkedin,hyperarc.com site:linkedin.com/company
kupu.id,348580,kupu-id,linkedin,kupu.id site:linkedin.com/company
millimylk.com,350595,milli-mylk,linkedin,millimylk.com site:linkedin.com/company
triallibrary.com,350539,triallibrary,linkedin,triallibrary.com site:linkedin.com/company
dwalletlabs.com,350684,dwalletlabs,linkedin,dwalletlabs.com site:linkedin.com/company
metalbook.co.in,314162,metalbook-app,linkedin,metalbook.co.in site:linkedin.com/company
tokenproof.xyz,316102,tokenproof,linkedin,tokenproof.xyz site:linkedin.com/company
seinetwork.io,324593,sei-labs,linkedin,seinetwork.io site:linkedin.com/company
koop.xyz,356384,koopxyz,linkedin,koop.xyz site:linkedin.com/company
sprocket.games,356317,sprocketgames,linkedin,sprocket.games site:linkedin.com/company
basepointacademy.com,375006,basepoint-academy,linkedin,basepointacademy.com site:linkedin.com/company
verifyvasp.com,359485,verifyvasp,linkedin,verifyvasp.com site:linkedin.com/company
safelishare.com,360669,safelishare,linkedin,safelishare.com site:linkedin.com/company
bovine-verse.games,363191,bovineverse,linkedin,bovine-verse.games site:linkedin.com/company
hq.xyz,364181,hq-xyz,linkedin,hq.xyz site:linkedin.com/company
nexusrenewables.ca,364681,nexusrenewables,linkedin,nexusrenewables.ca site:linkedin.com/company
glass.xyz,335270,glassprotocol,linkedin,glass.xyz site:linkedin.com/company
onyxia.io,369052,onyxia-cyber,linkedin,onyxia.io site:linkedin.com/company
muuscollective.com,375662,muus-collective,linkedin,muuscollective.com site:linkedin.com/company
magic.gs,378803,magicgames,linkedin,magic.gs site:linkedin.com/company
cofertility.com,355657,cofertility,linkedin,cofertility.com site:linkedin.com/company
unioncredit.app,379930,unioncredit,linkedin,unioncredit.app site:linkedin.com/company
noba.com,369858,noba-tech,linkedin,noba.com site:linkedin.com/company
reelstar.io,389482,reelstar,linkedin,reelstar.io site:linkedin.com/company
jobcaster.tech,393179,jobcaster,linkedin,jobcaster.tech site:linkedin.com/company
netail.ai,393201,netail,linkedin,netail.ai site:linkedin.com/company
firetail.io,399223,firetailio,linkedin,firetail.io site:linkedin.com/company
channel99.com,394577,channel-99-inc,linkedin,channel99.com site:linkedin.com/company
workiasolutions.com,390261,workia,linkedin,workiasolutions.com site:linkedin.com/company
37xdubai.com,399913,37xdubai,linkedin,37xdubai.com site:linkedin.com/company
drug-card.io,410228,drugcards,linkedin,drug-card.io site:linkedin.com/company
peerplay.com,418724,peerplaygames,linkedin,peerplay.com site:linkedin.com/company
paladinpower.com,425907,paladinpower,linkedin,paladinpower.com site:linkedin.com/company
costimize.io,422661,costimize,linkedin,costimize.io site:linkedin.com/company
getvaas.com,284876,get-vaas,linkedin,getvaas.com site:linkedin.com/company
mindfulagency.com,425662,mindfulagency,linkedin,mindfulagency.com site:linkedin.com/company
aaacdfi.org,428430,aaacdfi,linkedin,aaacdfi.org site:linkedin.com/company
vsblty.net,262224,vsblty,linkedin,vsblty.net site:linkedin.com/company
modzy.com,274814,getmodzy,linkedin,modzy.com site:linkedin.com/company
tacitustherapeutics.com,139198,tacitus-therapeutics,linkedin,tacitustherapeutics.com site:linkedin.com/company
omrt.tech,359412,omrt,linkedin,omrt.tech site:linkedin.com/company
fello.in,193239,fellofinance,linkedin,fello.in site:linkedin.com/company
lio.io,242077,lioapp,linkedin,lio.io site:linkedin.com/company
usepassionfruit.com,315425,usepassionfruit,linkedin,usepassionfruit.com site:linkedin.com/company
harvey.ai,378578,harvey-ai,linkedin,harvey.ai site:linkedin.com/company
sentryc.com,191477,sentryc-gmbh,linkedin,sentryc.com site:linkedin.com/company
opendialog.ai,322957,opendialogai,linkedin,opendialog.ai site:linkedin.com/company
trueocean.io,365940,trueocean-gmbh,linkedin,trueocean.io site:linkedin.com/company
plaeto.in,338597,plaetoindia,linkedin,plaeto.in site:linkedin.com/company
senso.ai,47408,senso.ai,linkedin,senso.ai site:linkedin.com/company
insureq.de,157851,insureq,linkedin,insureq.de site:linkedin.com/company
travizory.com,150568,travizory-border-security-ltd,linkedin,travizory.com site:linkedin.com/company
upflowy.com,174822,upflowy,linkedin,upflowy.com site:linkedin.com/company
lastgameboard.com,164845,last-gameboard,linkedin,lastgameboard.com site:linkedin.com/company
biobetter.io,233044,biobetterapp,linkedin,biobetter.io site:linkedin.com/company
kzas.ai,95270,kzas,linkedin,kzas.ai site:linkedin.com/company
htyt.world,337930,htytmissions,linkedin,htyt.world site:linkedin.com/company
bidnamic.com,122311,bidnamic,linkedin,bidnamic.com site:linkedin.com/company
riskcovry.com,135808,riskcovrycom,linkedin,riskcovry.com site:linkedin.com/company
capconnectplus.com,171493,capconnectplus,linkedin,capconnectplus.com site:linkedin.com/company
aplyid.com,256719,aplyid,linkedin,aplyid.com site:linkedin.com/company
zenbly.io,232202,zenbly,linkedin,zenbly.io site:linkedin.com/company
universidaduk.com,412784,universidad-uk,linkedin,universidaduk.com site:linkedin.com/company
pressedroots.com,123148,pressed-roots,linkedin,pressedroots.com site:linkedin.com/company
saniarx.com,304421,sania-therapeutics,linkedin,saniarx.com site:linkedin.com/company
seranovabio.com,205130,seranova-bio,linkedin,seranovabio.com site:linkedin.com/company
upswot.com,134897,upswot,linkedin,upswot.com site:linkedin.com/company
datasaur.ai,47767,datasaur,linkedin,datasaur.ai site:linkedin.com/company
terraview.co,101155,terraviewos,linkedin,terraview.co site:linkedin.com/company
power.global,111410,powerglobal,linkedin,power.global site:linkedin.com/company
getsmoodi.com,195166,smoodi,linkedin,getsmoodi.com site:linkedin.com/company
easytip.net,395676,easytip,linkedin,easytip.net site:linkedin.com/company
usengineeredwood.com,410311,us-engineered-wood-inc,linkedin,usengineeredwood.com site:linkedin.com/company
undeads.com,393212,undeadscom,linkedin,undeads.com site:linkedin.com/company
etirarx.com,416781,etirarx,linkedin,etirarx.com site:linkedin.com/company
qui.xyz,345395,qui-identity,linkedin,qui.xyz site:linkedin.com/company
aive.com,95168,aive,linkedin,aive.com site:linkedin.com/company
diogenx.com,139403,diogenx,linkedin,diogenx.com site:linkedin.com/company
epistemix.com,255628,epistemix,linkedin,epistemix.com site:linkedin.com/company
plentina.com,147977,plentina,linkedin,plentina.com site:linkedin.com/company
monstersaliensrobotszombies.com,273434,marz,linkedin,monstersaliensrobotszombies.com site:linkedin.com/company
proxify.io,306788,proxify-se,linkedin,proxify.io site:linkedin.com/company
csm.ai,194861,common-sense-machines,linkedin,csm.ai site:linkedin.com/company
colektia.com,123476,colektia,linkedin,colektia.com site:linkedin.com/company
dragonflyai.co,198964,dragonflyai-co,linkedin,dragonflyai.co site:linkedin.com/company
my-my.com,81693,mymyapp,linkedin,my-my.com site:linkedin.com/company
orus.eu,217595,orus-insurance,linkedin,orus.eu site:linkedin.com/company
boundlesshq.com,119507,boundless-hq,linkedin,boundlesshq.com site:linkedin.com/company
rentle.io,32416,rentle,linkedin,rentle.io site:linkedin.com/company
voltaire.bike,412016,voltairebike,linkedin,voltaire.bike site:linkedin.com/company
sorcero.com,94801,sorcero,linkedin,sorcero.com site:linkedin.com/company
greatjonesgoods.com,67256,great-jones-goods,linkedin,greatjonesgoods.com site:linkedin.com/company
stayhvn.com,285932,hvn,linkedin,stayhvn.com site:linkedin.com/company
manatal.com,163176,manatal,linkedin,manatal.com site:linkedin.com/company
humanly.io,128214,humanlyhr,linkedin,humanly.io site:linkedin.com/company
covalenthq.com,143283,covalenthq,linkedin,covalenthq.com site:linkedin.com/company
minervaknows.com,131459,minervaknows,linkedin,minervaknows.com site:linkedin.com/company
sovasage.com,185680,sovasage,linkedin,sovasage.com site:linkedin.com/company
aserto.com,185264,aserto-com,linkedin,aserto.com site:linkedin.com/company
pienza.com,174467,pienza-ventures,linkedin,pienza.com site:linkedin.com/company
livelyroot.com,194707,livelyroot,linkedin,livelyroot.com site:linkedin.com/company
dodoex.io,189312,dodoex,linkedin,dodoex.io site:linkedin.com/company
benchmarkcloudaccounting.com,191608,benchmark-cloud-accounting,linkedin,benchmarkcloudaccounting.com site:linkedin.com/company
skillit.com,178604,skillitusa,linkedin,skillit.com site:linkedin.com/company
joinleland.com,251744,joinleland,linkedin,joinleland.com site:linkedin.com/company
hellopareto.com,149263,hellopareto,linkedin,hellopareto.com site:linkedin.com/company
simplifipay.com,230135,simplifipay,linkedin,simplifipay.com site:linkedin.com/company
peakflo.co,245546,peakflo,linkedin,peakflo.co site:linkedin.com/company
projenx.com,321154,projenx-inc,linkedin,projenx.com site:linkedin.com/company
flint.money,284686,flintmoney,linkedin,flint.money site:linkedin.com/company
culinahealth.com,294458,fig-health-inc,linkedin,culinahealth.com site:linkedin.com/company
arcol.io,226375,arcol-tech,linkedin,arcol.io site:linkedin.com/company
heystage.com,326036,heystage,linkedin,heystage.com site:linkedin.com/company
alison.ai,391937,alison-ai,linkedin,alison.ai site:linkedin.com/company
zev-station.com,348471,zev-station,linkedin,zev-station.com site:linkedin.com/company
kimo.ai,178509,kimo-ai,linkedin,kimo.ai site:linkedin.com/company
meletiostx.com,384099,meletiostx,linkedin,meletiostx.com site:linkedin.com/company
caristo.com,84320,caristo,linkedin,caristo.com site:linkedin.com/company
genesisai.io,139636,genesisai,linkedin,genesisai.io site:linkedin.com/company
alidabio.com,219595,alida-biosciences,linkedin,alidabio.com site:linkedin.com/company
pale-blue.co.jp,191447,pale-blue-inc,linkedin,pale-blue.co.jp site:linkedin.com/company
tickitto.com,121172,tickitto,linkedin,tickitto.com site:linkedin.com/company
gloww.com,347024,glowwvideo,linkedin,gloww.com site:linkedin.com/company
sunswap.co.uk,184947,sunswap-ltd,linkedin,sunswap.co.uk site:linkedin.com/company
heyartifact.com,139686,heyartifact,linkedin,heyartifact.com site:linkedin.com/company
rumina.com.br,311380,rumina-sa,linkedin,rumina.com.br site:linkedin.com/company
myteledoc.app,190998,teledoc-holding-gmbh,linkedin,myteledoc.app site:linkedin.com/company
joos.app,186008,joosapp,linkedin,joos.app site:linkedin.com/company
channext.com,127888,channext,linkedin,channext.com site:linkedin.com/company
mozper.com,129117,mozper,linkedin,mozper.com site:linkedin.com/company
goodgood.co,242503,makeitgoodgood,linkedin,goodgood.co site:linkedin.com/company
elleve.com.br,203306,elleve-soluções-e-tecnologia-ltda,linkedin,elleve.com.br site:linkedin.com/company
miwendo.com,185681,miwendo,linkedin,miwendo.com site:linkedin.com/company
peace-of-meat.com,122756,peace-of-meat,linkedin,peace-of-meat.com site:linkedin.com/company
gitstart.com,84035,gitstarthq,linkedin,gitstart.com site:linkedin.com/company
