domain,company_id,entity_id,entity,google_query
creditmountain.co,284901,creditmountain,linkedin,creditmountain.co site:linkedin.com/company
horde.no,123096,hordeapp,linkedin,horde.no site:linkedin.com/company
addenenergy.com,345422,adden-energy,linkedin,addenenergy.com site:linkedin.com/company
trypenny.com,186308,try-penny,linkedin,trypenny.com site:linkedin.com/company
ceezer.earth,257152,ceezer,linkedin,ceezer.earth site:linkedin.com/company
productwind.com,251313,productwind,linkedin,productwind.com site:linkedin.com/company
vectorphotonics.co.uk,203408,vector-photonics,linkedin,vectorphotonics.co.uk site:linkedin.com/company
thatch.co,78806,thatch-travel,linkedin,thatch.co site:linkedin.com/company
genincode.com,150398,genincode,linkedin,genincode.com site:linkedin.com/company
limevilla.com,195440,limevilla,linkedin,limevilla.com site:linkedin.com/company
havocshield.com,124968,havoc-shield,linkedin,havocshield.com site:linkedin.com/company
hellosaks.com,284883,hellosaks,linkedin,hellosaks.com site:linkedin.com/company
yeshid.com,343229,yeshid,linkedin,yeshid.com site:linkedin.com/company
helloresolve.com,59874,helloresolve,linkedin,helloresolve.com site:linkedin.com/company
tensorleap.ai,131293,tensorleap,linkedin,tensorleap.ai site:linkedin.com/company
amitruck.com,130030,amitruck-ltd,linkedin,amitruck.com site:linkedin.com/company
status.pro,232921,statusprohq,linkedin,status.pro site:linkedin.com/company
taur.com,292878,taur-technologies,linkedin,taur.com site:linkedin.com/company
ready.net,138124,readynet,linkedin,ready.net site:linkedin.com/company
monitapp.io,148316,monit-fintech,linkedin,monitapp.io site:linkedin.com/company
orbillion.com,158208,orbillion,linkedin,orbillion.com site:linkedin.com/company
blackstart.com,171504,blackstartllc,linkedin,blackstart.com site:linkedin.com/company
mpathic.ai,232142,mpathic-ai,linkedin,mpathic.ai site:linkedin.com/company
oneport365.com,188690,oneport365,linkedin,oneport365.com site:linkedin.com/company
nexprt.com,191464,nexprt,linkedin,nexprt.com site:linkedin.com/company
claystack.com,223415,claystack,linkedin,claystack.com site:linkedin.com/company
rey.id,224005,reyidhealth,linkedin,rey.id site:linkedin.com/company
dibsbeauty.com,233303,dibsbeauty,linkedin,dibsbeauty.com site:linkedin.com/company
myangelhost.com,234423,angel-host,linkedin,myangelhost.com site:linkedin.com/company
prolocor.com,295675,prolocor,linkedin,prolocor.com site:linkedin.com/company
upbanx.com,278373,upbanx,linkedin,upbanx.com site:linkedin.com/company
gravystack.com,318235,gravystack,linkedin,gravystack.com site:linkedin.com/company
getnexta.com,298206,nextaegypt,linkedin,getnexta.com site:linkedin.com/company
bundlr.network,315671,bundlr-network,linkedin,bundlr.network site:linkedin.com/company
neol.co,331389,neol,linkedin,neol.co site:linkedin.com/company
forseafoods.com,380775,forseafoods,linkedin,forseafoods.com site:linkedin.com/company
satschel.com,336224,satschel1,linkedin,satschel.com site:linkedin.com/company
hardball.games,423573,hardball-games-ltd,linkedin,hardball.games site:linkedin.com/company
flumeinternet.com,203291,flume-internet,linkedin,flumeinternet.com site:linkedin.com/company
coinstrategy.ch,422210,coinstrategycapital,linkedin,coinstrategy.ch site:linkedin.com/company
occuity.com,168923,occuity,linkedin,occuity.com site:linkedin.com/company
eye-checkup.com,190567,eyecheckup,linkedin,eye-checkup.com site:linkedin.com/company
insurancesamadhan.com,129193,insurancesamadhan,linkedin,insurancesamadhan.com site:linkedin.com/company
kalogon.com,365952,kalogon,linkedin,kalogon.com site:linkedin.com/company
infima.io,183188,infima1,linkedin,infima.io site:linkedin.com/company
desilo.ai,144308,desilo,linkedin,desilo.ai site:linkedin.com/company
reekon.tools,419515,reekontools,linkedin,reekon.tools site:linkedin.com/company
spinach.io,238123,spinach-io,linkedin,spinach.io site:linkedin.com/company
ragecoffee.com,121257,theragecoffee,linkedin,ragecoffee.com site:linkedin.com/company
nemuru.com,48281,nemuru,linkedin,nemuru.com site:linkedin.com/company
zipstack.com,366025,zipstack,linkedin,zipstack.com site:linkedin.com/company
atta.ai,113908,attainc,linkedin,atta.ai site:linkedin.com/company
wearemindlabs.com,168352,wearemindlabs,linkedin,wearemindlabs.com site:linkedin.com/company
soyplenna.com,257224,soyplenna,linkedin,soyplenna.com site:linkedin.com/company
sioncentral.com,364605,sion-for-commissions,linkedin,sioncentral.com site:linkedin.com/company
actualveggies.com,135684,actual-veggies,linkedin,actualveggies.com site:linkedin.com/company
biacontrols.com,325884,bia-controls,linkedin,biacontrols.com site:linkedin.com/company
hellodivorce.com,227484,hello-divorce,linkedin,hellodivorce.com site:linkedin.com/company
agileblue.com,274934,agilebluesoc,linkedin,agileblue.com site:linkedin.com/company
getfundid.com,275119,fundid,linkedin,getfundid.com site:linkedin.com/company
planetmojo.io,277588,planet-mojo,linkedin,planetmojo.io site:linkedin.com/company
trueessencefoods.com,287920,true-essence-foods,linkedin,trueessencefoods.com site:linkedin.com/company
eurekarobotics.com,317303,eurekarobotics,linkedin,eurekarobotics.com site:linkedin.com/company
sonarahealth.com,371784,sonarahealth,linkedin,sonarahealth.com site:linkedin.com/company
rangerinsurance.com,337405,ranger-ins,linkedin,rangerinsurance.com site:linkedin.com/company
remo.energy,338224,remo-energy-inc,linkedin,remo.energy site:linkedin.com/company
claromoney.co.uk,137876,claro-wellbeing,linkedin,claromoney.co.uk site:linkedin.com/company
zerogravity.co.uk,190154,joinzg,linkedin,zerogravity.co.uk site:linkedin.com/company
wadabentotech.com,232196,wada-bento,linkedin,wadabentotech.com site:linkedin.com/company
allozymes.com,184204,allozymes,linkedin,allozymes.com site:linkedin.com/company
odaportal.com,128949,odastudioapp,linkedin,odaportal.com site:linkedin.com/company
nextiles.tech,95369,nextiles,linkedin,nextiles.tech site:linkedin.com/company
ridezygg.com,150439,ridezygg,linkedin,ridezygg.com site:linkedin.com/company
peelinsights.com,135992,peel-insights,linkedin,peelinsights.com site:linkedin.com/company
b5genomics.com,143576,base5-genomics,linkedin,b5genomics.com site:linkedin.com/company
dove.it,358880,doveit,linkedin,dove.it site:linkedin.com/company
bit-odd.com,274416,bit-odd,linkedin,bit-odd.com site:linkedin.com/company
goodcarbon.earth,328840,goodcarbon,linkedin,goodcarbon.earth site:linkedin.com/company
mitron.tv,140656,mitrontv,linkedin,mitron.tv site:linkedin.com/company
maxretail.com,301719,joinmaxretail,linkedin,maxretail.com site:linkedin.com/company
cake.app,150627,wearecake,linkedin,cake.app site:linkedin.com/company
cynlr.com,76263,cyn-lr,linkedin,cynlr.com site:linkedin.com/company
dfkp.de,314563,dfkp-gmbh,linkedin,dfkp.de site:linkedin.com/company
ligalio.com,402894,ligalio,linkedin,ligalio.com site:linkedin.com/company
procursys.com,137945,procursys,linkedin,procursys.com site:linkedin.com/company
refuel.ai,302039,refuelai,linkedin,refuel.ai site:linkedin.com/company
kita.earth,284144,kitaearth,linkedin,kita.earth site:linkedin.com/company
cureosity.de,113456,cureosity-gmbh,linkedin,cureosity.de site:linkedin.com/company
run-edge.com,144130,run-edge,linkedin,run-edge.com site:linkedin.com/company
zacaparesources.com,232094,zacapa-resources,linkedin,zacaparesources.com site:linkedin.com/company
hookedfoods.com,175912,hooked-seafood-ab,linkedin,hookedfoods.com site:linkedin.com/company
saltox.co,274158,salto-x,linkedin,saltox.co site:linkedin.com/company
bitfy.app,167701,bitfy,linkedin,bitfy.app site:linkedin.com/company
zevv.com,147682,zevv,linkedin,zevv.com site:linkedin.com/company
gigpro.com,261114,sidegigworks,linkedin,gigpro.com site:linkedin.com/company
medsien.com,114808,medsien,linkedin,medsien.com site:linkedin.com/company
portshift.io,52749,portshift,linkedin,portshift.io site:linkedin.com/company
vidanyx.com,103745,vidanyx,linkedin,vidanyx.com site:linkedin.com/company
joinbonsai.co,131644,joinbonsai,linkedin,joinbonsai.co site:linkedin.com/company
kleeen.software,73520,kleeen-software,linkedin,kleeen.software site:linkedin.com/company
vested.co,52663,vested-inc,linkedin,vested.co site:linkedin.com/company
lyticatherapeutics.com,125438,lyticatx,linkedin,lyticatherapeutics.com site:linkedin.com/company
astrideducation.com,130180,astrid-education,linkedin,astrideducation.com site:linkedin.com/company
virusgeeks.com,167811,virusgeeks,linkedin,virusgeeks.com site:linkedin.com/company
venarimedical.com,169306,invera-medical,linkedin,venarimedical.com site:linkedin.com/company
gridware.io,174627,gridwareinc,linkedin,gridware.io site:linkedin.com/company
deal-engine.com,29642,deal-engine,linkedin,deal-engine.com site:linkedin.com/company
sellgauge.com,256971,sellgauge,linkedin,sellgauge.com site:linkedin.com/company
sushi.com,207276,sushiswap,linkedin,sushi.com site:linkedin.com/company
dyaniahealth.com,291940,dyaniahealth,linkedin,dyaniahealth.com site:linkedin.com/company
worksolo.com,237467,worksolo,linkedin,worksolo.com site:linkedin.com/company
cable.tech,168710,cable-technology-limited,linkedin,cable.tech site:linkedin.com/company
americantreatmentnetwork.com,240186,american-treatment-network,linkedin,americantreatmentnetwork.com site:linkedin.com/company
oxeye.io,257092,oxeyeio,linkedin,oxeye.io site:linkedin.com/company
clst.com,251884,clst,linkedin,clst.com site:linkedin.com/company
astraguild.io,274624,astra-guild-ventures,linkedin,astraguild.io site:linkedin.com/company
future.green,285318,thefuturecard,linkedin,future.green site:linkedin.com/company
kaito.ai,348586,kaitoai,linkedin,kaito.ai site:linkedin.com/company
scale3labs.com,372272,scale3labs,linkedin,scale3labs.com site:linkedin.com/company
emerzenetx.com,383280,emerzene-inc,linkedin,emerzenetx.com site:linkedin.com/company
toolost.com,427989,too-lost,linkedin,toolost.com site:linkedin.com/company
ether.fi,431038,etherfi,linkedin,ether.fi site:linkedin.com/company
subdial.co,131430,subdial,linkedin,subdial.co site:linkedin.com/company
coboworx.com,191051,coboworx,linkedin,coboworx.com site:linkedin.com/company
altrix.co.uk,202353,altrix-technology-ltd,linkedin,altrix.co.uk site:linkedin.com/company
erudit.ai,91558,erudit-ai-tech,linkedin,erudit.ai site:linkedin.com/company
bestdaybrewing.com,283774,best-day-brewing,linkedin,bestdaybrewing.com site:linkedin.com/company
unisieve.com,169216,unisieve,linkedin,unisieve.com site:linkedin.com/company
informed.so,303591,informedso,linkedin,informed.so site:linkedin.com/company
vertuoza.com,221870,vertuoza,linkedin,vertuoza.com site:linkedin.com/company
rensystems.com,268138,rennews,linkedin,rensystems.com site:linkedin.com/company
simplr.io,226427,simplr-life-as-a-service,linkedin,simplr.io site:linkedin.com/company
flowyour.money,114119,flowyourmoney,linkedin,flowyour.money site:linkedin.com/company
the.com,111125,the-com,linkedin,the.com site:linkedin.com/company
celcius.in,204905,celciuslogistics,linkedin,celcius.in site:linkedin.com/company
driftextracts.com,172005,driftless-extracts,linkedin,driftextracts.com site:linkedin.com/company
fortunafi.com,241866,fortunafi,linkedin,fortunafi.com site:linkedin.com/company
konta.com,294418,konta-com,linkedin,konta.com site:linkedin.com/company
cairasurgical.com,169400,caira-surgical,linkedin,cairasurgical.com site:linkedin.com/company
agricooltur.it,423080,agricooltur-societa-agricola,linkedin,agricooltur.it site:linkedin.com/company
sifted.eu,114811,siftedeu,linkedin,sifted.eu site:linkedin.com/company
banksathi.com,205282,banksathi,linkedin,banksathi.com site:linkedin.com/company
lettermensenergy.com,356187,lettermen-s-energy,linkedin,lettermensenergy.com site:linkedin.com/company
anybill.de,175984,anybillapp,linkedin,anybill.de site:linkedin.com/company
vev.co,422586,vevcompany,linkedin,vev.co site:linkedin.com/company
wattifev.com,337686,wattif-ev,linkedin,wattifev.com site:linkedin.com/company
replicastudios.com,40074,replicastudios,linkedin,replicastudios.com site:linkedin.com/company
okkohealth.com,125464,okko-health,linkedin,okkohealth.com site:linkedin.com/company
sliprobotics.com,261723,slip-robotics,linkedin,sliprobotics.com site:linkedin.com/company
electricplayhouse.com,119787,electricplayhouse,linkedin,electricplayhouse.com site:linkedin.com/company
eratani.co.id,320092,eratani,linkedin,eratani.co.id site:linkedin.com/company
edgehogtech.com,91468,edgehog,linkedin,edgehogtech.com site:linkedin.com/company
ferret.ai,233849,ferret.ai,linkedin,ferret.ai site:linkedin.com/company
ruptok.com,183016,ruptok-fintech,linkedin,ruptok.com site:linkedin.com/company
fivetonine.co,114573,five-to-nine,linkedin,fivetonine.co site:linkedin.com/company
iterative.ly,134810,iteratively,linkedin,iterative.ly site:linkedin.com/company
serenityehs.com,167398,serenityops,linkedin,serenityehs.com site:linkedin.com/company
emlen.io,148318,emlen-io,linkedin,emlen.io site:linkedin.com/company
drover.ai,177934,drover-ai,linkedin,drover.ai site:linkedin.com/company
breadcrumbs.io,202127,breadcrumbsio,linkedin,breadcrumbs.io site:linkedin.com/company
zevvy.com,382154,flux-ev,linkedin,zevvy.com site:linkedin.com/company
included.ai,262218,includedatwork,linkedin,included.ai site:linkedin.com/company
sarcophagus.io,277971,sarcophagusio,linkedin,sarcophagus.io site:linkedin.com/company
withrider.com,254930,withrider,linkedin,withrider.com site:linkedin.com/company
starlight.money,282450,starlight-money,linkedin,starlight.money site:linkedin.com/company
fries.fund,294694,friesdao,linkedin,fries.fund site:linkedin.com/company
kado.money,308860,kado-software,linkedin,kado.money site:linkedin.com/company
n2knetworks.com,381067,n2k-networks,linkedin,n2knetworks.com site:linkedin.com/company
oxcan.co.uk,424666,oxford-cancer-analytics,linkedin,oxcan.co.uk site:linkedin.com/company
xano.com,131246,xano,linkedin,xano.com site:linkedin.com/company
lonestarim.com,283432,lone-star-industrial-materials,linkedin,lonestarim.com site:linkedin.com/company
xlifesciences.ch,284718,xlifesciences,linkedin,xlifesciences.ch site:linkedin.com/company
ubicanglobal.com,140271,ubicanglobal,linkedin,ubicanglobal.com site:linkedin.com/company
exquanta.com,344930,exquanta,linkedin,exquanta.com site:linkedin.com/company
uluu.com.au,182820,uluu,linkedin,uluu.com.au site:linkedin.com/company
fantiger.com,322937,fantiger,linkedin,fantiger.com site:linkedin.com/company
casadelsoltequila.com,323889,casa-del-sol-spirits,linkedin,casadelsoltequila.com site:linkedin.com/company
bill360.com,255007,bill360payments,linkedin,bill360.com site:linkedin.com/company
navattic.com,188427,navattic,linkedin,navattic.com site:linkedin.com/company
eatcasper.com,309528,casperkitchens,linkedin,eatcasper.com site:linkedin.com/company
resurface.io,168343,resurfacelabs,linkedin,resurface.io site:linkedin.com/company
welinq.io,416849,welinqio,linkedin,welinq.io site:linkedin.com/company
loanfront.in,307235,loanfront,linkedin,loanfront.in site:linkedin.com/company
okyapp.com,189145,oky-yestupuedes,linkedin,okyapp.com site:linkedin.com/company
sparkle.ng,252368,sparklenigeria,linkedin,sparkle.ng site:linkedin.com/company
continuum.industries,135039,continuum-ind,linkedin,continuum.industries site:linkedin.com/company
ikas.com,148649,ikas-com,linkedin,ikas.com site:linkedin.com/company
elefant.ai,54609,elefant-markets-inc.,linkedin,elefant.ai site:linkedin.com/company
thecoffee.jp,138030,the-coffee-jp,linkedin,thecoffee.jp site:linkedin.com/company
teammstrd.com,152684,teammstrd,linkedin,teammstrd.com site:linkedin.com/company
hellocarbo.com,171804,carbo-fr,linkedin,hellocarbo.com site:linkedin.com/company
dalan.com,343597,dalan-animal-health-inc,linkedin,dalan.com site:linkedin.com/company
qualytics.co,204558,qualyticsinc,linkedin,qualytics.co site:linkedin.com/company
equalto.com,138255,equalto,linkedin,equalto.com site:linkedin.com/company
alphynbiologics.com,324376,alphyn-biologics-inc,linkedin,alphynbiologics.com site:linkedin.com/company
gruendergeist.com,300113,gruender-geist,linkedin,gruendergeist.com site:linkedin.com/company
solarx-africa.com,375657,solarx-ltd,linkedin,solarx-africa.com site:linkedin.com/company
blacktag.com,148488,blacktag18,linkedin,blacktag.com site:linkedin.com/company
headinghealth.com,188692,heading-health,linkedin,headinghealth.com site:linkedin.com/company
aipalette.com,84047,aipalette,linkedin,aipalette.com site:linkedin.com/company
measurable.energy,412143,measurable-energy,linkedin,measurable.energy site:linkedin.com/company
aetherbiomedical.com,110444,aether-biomedical,linkedin,aetherbiomedical.com site:linkedin.com/company
specifyapp.com,80304,specifyapp,linkedin,specifyapp.com site:linkedin.com/company
xedbeverages.com,189412,xedbev,linkedin,xedbeverages.com site:linkedin.com/company
carbon.one,299855,c1-circular-carbon-chemistry,linkedin,carbon.one site:linkedin.com/company
emailtree.ai,152654,emailtree,linkedin,emailtree.ai site:linkedin.com/company
realtyme.com,295815,realtyme,linkedin,realtyme.com site:linkedin.com/company
lapsihealth.com,299994,lapsihealth,linkedin,lapsihealth.com site:linkedin.com/company
beonhand.co.uk,212442,beonhand,linkedin,beonhand.co.uk site:linkedin.com/company
hoytrabajas.com,192274,hoytrabajas,linkedin,hoytrabajas.com site:linkedin.com/company
hannun.com,110322,hannun,linkedin,hannun.com site:linkedin.com/company
myndup.com,305480,myndup,linkedin,myndup.com site:linkedin.com/company
cinch.io,234791,cinchplatform,linkedin,cinch.io site:linkedin.com/company
hu-manity.co,59858,hu-manity-co,linkedin,hu-manity.co site:linkedin.com/company
finerymarkets.com,361904,finerymarkets,linkedin,finerymarkets.com site:linkedin.com/company
buildblock.io,143383,buildblock,linkedin,buildblock.io site:linkedin.com/company
cartagenomics.com,192362,carta-genomics,linkedin,cartagenomics.com site:linkedin.com/company
foodetective.co,15211,foodetective,linkedin,foodetective.co site:linkedin.com/company
usedrop.io,298733,usedrop,linkedin,usedrop.io site:linkedin.com/company
slateteams.com,138530,slate-teams,linkedin,slateteams.com site:linkedin.com/company
aire.health,61779,airehealth,linkedin,aire.health site:linkedin.com/company
spacejoy.com,96130,spacejoy,linkedin,spacejoy.com site:linkedin.com/company
promusicrights.com,122071,promusicrights,linkedin,promusicrights.com site:linkedin.com/company
epistemic.ai,126704,epistemic-ai,linkedin,epistemic.ai site:linkedin.com/company
glambou.com,422012,glambou,linkedin,glambou.com site:linkedin.com/company
authordigital.com,131116,authordigital,linkedin,authordigital.com site:linkedin.com/company
praisidio.com,148674,praisidio-inc,linkedin,praisidio.com site:linkedin.com/company
okxe.vn,149087,okxe,linkedin,okxe.vn site:linkedin.com/company
spexigeo.com,276990,spexi-geospatial,linkedin,spexigeo.com site:linkedin.com/company
incrmntal.com,165680,incrmntal,linkedin,incrmntal.com site:linkedin.com/company
railspire.com,295774,railspire,linkedin,railspire.com site:linkedin.com/company
psygen.ca,139592,psygen,linkedin,psygen.ca site:linkedin.com/company
ambulero.com,184042,ambulero,linkedin,ambulero.com site:linkedin.com/company
prediko.io,202089,prediko,linkedin,prediko.io site:linkedin.com/company
volleyapp.com,203814,volley-software,linkedin,volleyapp.com site:linkedin.com/company
branchenergy.com,191965,branch-energy,linkedin,branchenergy.com site:linkedin.com/company
philanthropi.com,201828,philanthropi,linkedin,philanthropi.com site:linkedin.com/company
boomandbucket.com,185382,boomandbucket,linkedin,boomandbucket.com site:linkedin.com/company
oak.tech,241604,oak-network,linkedin,oak.tech site:linkedin.com/company
houza.com,337464,houza,linkedin,houza.com site:linkedin.com/company
clarostechnologies.com,232076,clarostech,linkedin,clarostechnologies.com site:linkedin.com/company
debridge.finance,240399,debridge-finance,linkedin,debridge.finance site:linkedin.com/company
zenotech.io,255249,zenotechnologies,linkedin,zenotech.io site:linkedin.com/company
request.finance,296614,request-finance,linkedin,request.finance site:linkedin.com/company
struxtion.com,354153,struxtion,linkedin,struxtion.com site:linkedin.com/company
defy.club,262738,defyclub,linkedin,defy.club site:linkedin.com/company
exploreshackle.com,197733,shackle,linkedin,exploreshackle.com site:linkedin.com/company
proactiveforher.com,260263,proactiveforher,linkedin,proactiveforher.com site:linkedin.com/company
strider.xyz,332017,strider-co,linkedin,strider.xyz site:linkedin.com/company
endstate.io,337324,endstate-brand,linkedin,endstate.io site:linkedin.com/company
sportsbox.ai,398908,sportsbox-ai,linkedin,sportsbox.ai site:linkedin.com/company
briya.com,309399,briyahealth,linkedin,briya.com site:linkedin.com/company
logrock.com,308657,logrockinc,linkedin,logrock.com site:linkedin.com/company
thejumba.com,330246,thejumba,linkedin,thejumba.com site:linkedin.com/company
globalunitpay.ch,332157,global-unit-pay,linkedin,globalunitpay.ch site:linkedin.com/company
victoriavr.com,286277,victoriavr,linkedin,victoriavr.com site:linkedin.com/company
angelink.com,337983,angelink-inc,linkedin,angelink.com site:linkedin.com/company
alongside.care,351860,alongsidecare,linkedin,alongside.care site:linkedin.com/company
newgrowth.org,379662,new-growth-innovation-network,linkedin,newgrowth.org site:linkedin.com/company
earlyisgood.com,383620,earlyisgood,linkedin,earlyisgood.com site:linkedin.com/company
acceleratetax.com,395126,accelerate-tax,linkedin,acceleratetax.com site:linkedin.com/company
nu-quantum.com,110459,nu-quantum,linkedin,nu-quantum.com site:linkedin.com/company
thankucash.com,103539,connectedanalytics,linkedin,thankucash.com site:linkedin.com/company
oda.co,184265,oda-inc,linkedin,oda.co site:linkedin.com/company
sproutfi.com,226204,sproutfi,linkedin,sproutfi.com site:linkedin.com/company
minterest.com,241657,minterest,linkedin,minterest.com site:linkedin.com/company
blockbank.ai,365203,blockbankapp,linkedin,blockbank.ai site:linkedin.com/company
muddymachines.com,204840,muddymachines,linkedin,muddymachines.com site:linkedin.com/company
liqi.com.br,203877,liqidigitalassets,linkedin,liqi.com.br site:linkedin.com/company
turintech.ai,111531,turintechai,linkedin,turintech.ai site:linkedin.com/company
yebofresh.co.za,101049,yebofresh,linkedin,yebofresh.co.za site:linkedin.com/company
sourcewiz.co,255293,sourcewiz,linkedin,sourcewiz.co site:linkedin.com/company
natif.ai,158324,natif-ai,linkedin,natif.ai site:linkedin.com/company
gowithflow.io,147238,go-with-flow,linkedin,gowithflow.io site:linkedin.com/company
aircela.com,344860,aircela,linkedin,aircela.com site:linkedin.com/company
bloomsburygtx.com,376293,bloomsburygtx,linkedin,bloomsburygtx.com site:linkedin.com/company
reverse.supply,204551,reversesupply,linkedin,reverse.supply site:linkedin.com/company
boddlelearning.com,52448,boddle-learning,linkedin,boddlelearning.com site:linkedin.com/company
ipor.io,254920,ipor-labs,linkedin,ipor.io site:linkedin.com/company
spinafx.com,322745,spinafx-medical,linkedin,spinafx.com site:linkedin.com/company
marizyme.com,171638,marizyme,linkedin,marizyme.com site:linkedin.com/company
reverevc.com,204988,reverevc,linkedin,reverevc.com site:linkedin.com/company
healthoutlook.com,323499,health-outlook-inc,linkedin,healthoutlook.com site:linkedin.com/company
getvego.com,345329,vegofood,linkedin,getvego.com site:linkedin.com/company
magiccraft.io,371384,magiccraft,linkedin,magiccraft.io site:linkedin.com/company
iduna.co.uk,203890,iduna-infrastructure,linkedin,iduna.co.uk site:linkedin.com/company
ufounders.com,202615,ufounders,linkedin,ufounders.com site:linkedin.com/company
landintelligence.net,133793,landsuitedeals,linkedin,landintelligence.net site:linkedin.com/company
ilarahealth.com,71863,ilarahealth,linkedin,ilarahealth.com site:linkedin.com/company
hoplagit.com,207649,hoplagit,linkedin,hoplagit.com site:linkedin.com/company
toopi-organics.com,130535,toopi-organics,linkedin,toopi-organics.com site:linkedin.com/company
olvin.com,196841,olvin,linkedin,olvin.com site:linkedin.com/company
athena-security.com,52179,athena-inc,linkedin,athena-security.com site:linkedin.com/company
fanup.app,144127,fanup,linkedin,fanup.app site:linkedin.com/company
bods.me,305303,bods,linkedin,bods.me site:linkedin.com/company
pods.finance,139588,pods-finance,linkedin,pods.finance site:linkedin.com/company
mangata.finance,192383,mangata-finance,linkedin,mangata.finance site:linkedin.com/company
joinellis.com,256659,joinellis,linkedin,joinellis.com site:linkedin.com/company
pidedirecto.mx,208992,pidedirecto,linkedin,pidedirecto.mx site:linkedin.com/company
helloplaybook.com,251748,playbookapp,linkedin,helloplaybook.com site:linkedin.com/company
hakkoda.io,257252,hakkoda,linkedin,hakkoda.io site:linkedin.com/company
factoredquality.com,274392,factored-quality,linkedin,factoredquality.com site:linkedin.com/company
arraylabs.io,298794,array-labs,linkedin,arraylabs.io site:linkedin.com/company
mikunafoods.com,209750,mikunafoods,linkedin,mikunafoods.com site:linkedin.com/company
nayahomes.co,308778,nayahomes,linkedin,nayahomes.co site:linkedin.com/company
getpin.xyz,354327,pinxyz,linkedin,getpin.xyz site:linkedin.com/company
profetai.com,409015,profetai,linkedin,profetai.com site:linkedin.com/company
tryadonis.com,347032,adonis-technologies,linkedin,tryadonis.com site:linkedin.com/company
loop.baby,394733,loopbaby,linkedin,loop.baby site:linkedin.com/company
be-mo.io,163781,be-mo,linkedin,be-mo.io site:linkedin.com/company
itsaugust.co,192236,itsaugust,linkedin,itsaugust.co site:linkedin.com/company
onair.events,256925,onairbv,linkedin,onair.events site:linkedin.com/company
lami.world,185727,lamiworld,linkedin,lami.world site:linkedin.com/company
indo.is,129116,indó,linkedin,indo.is site:linkedin.com/company
vitrayatech.com,232293,vitrayatech,linkedin,vitrayatech.com site:linkedin.com/company
cognitivespace.com,71885,cognitivespace,linkedin,cognitivespace.com site:linkedin.com/company
listfunding.com,191572,list-funding,linkedin,listfunding.com site:linkedin.com/company
happeortho.com,143784,happe-ortho,linkedin,happeortho.com site:linkedin.com/company
continuity-tech.ai,136296,continuity-tech,linkedin,continuity-tech.ai site:linkedin.com/company
duckcamp.com,334830,duck-camp-co,linkedin,duckcamp.com site:linkedin.com/company
behavidence.com,190252,behavidence,linkedin,behavidence.com site:linkedin.com/company
syntegra.io,144541,syntegra-io,linkedin,syntegra.io site:linkedin.com/company
hellohakuna.com,282094,hellohakuna,linkedin,hellohakuna.com site:linkedin.com/company
biovaxys.com,184766,biovaxys-llc,linkedin,biovaxys.com site:linkedin.com/company
qualiti.ai,255413,qualiti,linkedin,qualiti.ai site:linkedin.com/company
chara.co.in,202244,chara-tech,linkedin,chara.co.in site:linkedin.com/company
lucidity.cloud,304633,lucidity-cloud,linkedin,lucidity.cloud site:linkedin.com/company
livebuy.io,173890,livebuy,linkedin,livebuy.io site:linkedin.com/company
salientpredictions.com,195486,salient-weather,linkedin,salientpredictions.com site:linkedin.com/company
aivatech.com,167614,aivatech,linkedin,aivatech.com site:linkedin.com/company
privacydynamics.io,143482,privacydynamics,linkedin,privacydynamics.io site:linkedin.com/company
digi-prex.com,62192,digi-prex,linkedin,digi-prex.com site:linkedin.com/company
wavemeditation.com,61786,wavemeditation,linkedin,wavemeditation.com site:linkedin.com/company
zaiko.io,128077,zaiko-ticket,linkedin,zaiko.io site:linkedin.com/company
complementtx.com,293750,complement-therapeutics,linkedin,complementtx.com site:linkedin.com/company
unlimitd.com,273416,unlimitd,linkedin,unlimitd.com site:linkedin.com/company
norban.se,95481,norban,linkedin,norban.se site:linkedin.com/company
paytrix.io,330956,paytrix,linkedin,paytrix.io site:linkedin.com/company
socialswag.com,195130,socialswagworld,linkedin,socialswag.com site:linkedin.com/company
unlock-protocol.com,35850,unlock-protocol,linkedin,unlock-protocol.com site:linkedin.com/company
spritzsociety.com,392001,spritzsociety,linkedin,spritzsociety.com site:linkedin.com/company
vettons.com,252612,vettons,linkedin,vettons.com site:linkedin.com/company
wisedocs.ai,264720,wisedocs-ai,linkedin,wisedocs.ai site:linkedin.com/company
qobra.co,158056,qobra-co,linkedin,qobra.co site:linkedin.com/company
alpakas.app,257153,alpakas-market,linkedin,alpakas.app site:linkedin.com/company
xemelgo.com,36230,xemelgo,linkedin,xemelgo.com site:linkedin.com/company
atlasxomics.com,196169,atlasxomics,linkedin,atlasxomics.com site:linkedin.com/company
wearetala.com,121176,wearetala,linkedin,wearetala.com site:linkedin.com/company
cradle.bio,251020,cradlebio,linkedin,cradle.bio site:linkedin.com/company
mercadolabs.com,123118,mercadolabs,linkedin,mercadolabs.com site:linkedin.com/company
pixaera.com,232051,pixaera,linkedin,pixaera.com site:linkedin.com/company
sagetap.io,177167,sagetap,linkedin,sagetap.io site:linkedin.com/company
coralgenomics.com,113326,coral-genomics,linkedin,coralgenomics.com site:linkedin.com/company
disastertech.com,144185,disastertech,linkedin,disastertech.com site:linkedin.com/company
hamsapay.com,168052,hamsa-pay,linkedin,hamsapay.com site:linkedin.com/company
eternityws.com,409530,eternity-l-t-d,linkedin,eternityws.com site:linkedin.com/company
veganofoods.com,186928,vegano-foods,linkedin,veganofoods.com site:linkedin.com/company
sequincard.com,168097,sequin-financial,linkedin,sequincard.com site:linkedin.com/company
catenabiosciences.com,182716,catena-biosciences,linkedin,catenabiosciences.com site:linkedin.com/company
primex.finance,277883,primexlabs,linkedin,primex.finance site:linkedin.com/company
eliqs.com,348398,eliqsco,linkedin,eliqs.com site:linkedin.com/company
continueai.com,376054,continue-ai,linkedin,continueai.com site:linkedin.com/company
nile.ag,320608,nileag,linkedin,nile.ag site:linkedin.com/company
featurebyte.com,344091,featurebyte,linkedin,featurebyte.com site:linkedin.com/company
zarta.com,431055,zarta,linkedin,zarta.com site:linkedin.com/company
mypura.com,294549,mypura,linkedin,mypura.com site:linkedin.com/company
viritech.co.uk,219944,viritech,linkedin,viritech.co.uk site:linkedin.com/company
baseimmune.co.uk,195026,baseimmune,linkedin,baseimmune.co.uk site:linkedin.com/company
iconium.it,60237,iconium.it,linkedin,iconium.it site:linkedin.com/company
aveni.ai,137859,aveni-ai,linkedin,aveni.ai site:linkedin.com/company
nostos-genomics.com,126905,nostosgenomics,linkedin,nostos-genomics.com site:linkedin.com/company
zem.bo,173480,zembo,linkedin,zem.bo site:linkedin.com/company
bezahl.de,288030,bezahl-de-nx-technologies-gmbh,linkedin,bezahl.de site:linkedin.com/company
thecooldown.com,338733,thecooldown,linkedin,thecooldown.com site:linkedin.com/company
okapiorbits.space,327971,okapi-orbits,linkedin,okapiorbits.space site:linkedin.com/company
rellevate.com,148409,rellevate,linkedin,rellevate.com site:linkedin.com/company
flyp.co,380478,flypyourhome,linkedin,flyp.co site:linkedin.com/company
space3cafe.com,202386,velworkcafe,linkedin,space3cafe.com site:linkedin.com/company
aquitureforma.com,120078,aqui-tu-reforma,linkedin,aquitureforma.com site:linkedin.com/company
buyerassist.io,202198,buyerassist,linkedin,buyerassist.io site:linkedin.com/company
naya.studio,141324,studio-naya,linkedin,naya.studio site:linkedin.com/company
visgenx.com,126838,visgenx-inc,linkedin,visgenx.com site:linkedin.com/company
dockethq.com,121364,dockethq,linkedin,dockethq.com site:linkedin.com/company
agrourbana.ag,139948,agrourbana,linkedin,agrourbana.ag site:linkedin.com/company
getchange.io,250905,change-giving-experiences,linkedin,getchange.io site:linkedin.com/company
getprado.com,390502,pradolocal,linkedin,getprado.com site:linkedin.com/company
limitfi.com,232708,limitfi,linkedin,limitfi.com site:linkedin.com/company
algopolis.ai,257208,algopolis-ai-us-stock-market-ai-driven-trading-platform,linkedin,algopolis.ai site:linkedin.com/company
firstpartyhq.com,313508,firstpartyhq,linkedin,firstpartyhq.com site:linkedin.com/company
goldshoreresources.com,403559,goldshoreres,linkedin,goldshoreresources.com site:linkedin.com/company
atreo.io,329650,atreo-io,linkedin,atreo.io site:linkedin.com/company
drinkvolley.com,215684,drinkvolley,linkedin,drinkvolley.com site:linkedin.com/company
mesh.id,120403,mesh-b2b-saas,linkedin,mesh.id site:linkedin.com/company
relxtech.com,25706,relxtech,linkedin,relxtech.com site:linkedin.com/company
microfluidx.co.uk,131092,microfluidx,linkedin,microfluidx.co.uk site:linkedin.com/company
strike.sh,255329,strike-sh,linkedin,strike.sh site:linkedin.com/company
microcaps.ch,111520,microcaps,linkedin,microcaps.ch site:linkedin.com/company
thehundred.it,252230,the-hundred-srl,linkedin,thehundred.it site:linkedin.com/company
qollabi.com,74101,qollabi,linkedin,qollabi.com site:linkedin.com/company
